X_lr,X_stdt,Y
0.3834532985112992,0.04139666195513821,0.05157820126319589
0.3682475625648471,0.05157820126319589,0.049266918883440584
0.425756924753039,0.049266918883440584,0.04211235003681229
0.41117664327314335,0.04211235003681229,0.04475351511708441
0.3963461737943003,0.04475351511708441,0.0478212784784899
0.44050431563014797,0.0478212784784899,0.045529431930039894
0.4110095338759299,0.045529431930039894,0.04822636288873176
0.3960057843782796,0.04822636288873176,0.04822636288873176
0.425756924753039,0.04822636288873176,0.05098799760934925
0.44067530220853973,0.05098799760934925,0.05852307710157275
0.3807398088155313,0.05852307710157275,0.06206567008809608
0.3799378928203668,0.06206567008809608,0.06274423310109384
0.425756924753039,0.06274423310109384,0.06311240017595796
0.4411208216208277,0.06311240017595796,0.06425975446400856
0.394937242357817,0.06425975446400856,0.06429393669251215
0.4102073611707699,0.06429393669251215,0.06429393669251215
0.425756924753039,0.06429393669251215,0.06818220359892846
0.44130648833530833,0.06818220359892846,0.06928981243444554
0.4565766071482608,0.06928981243444554,0.07037825392247254
0.394937242357817,0.07037825392247254,0.06956805285952397
0.4102073611707699,0.06956805285952397,0.06513896702033897
0.4101128336051021,0.06513896702033897,0.055825546054812554
0.39418110996112565,0.055825546054812554,0.05523432022336509
0.40982203059152794,0.05523432022336509,0.11668646700465438
0.5352809708318917,0.11668646700465438,0.1149572384175786
0.4103930278852503,0.1149572384175786,0.11376787072150671
0.41030113922560574,0.11376787072150671,0.11569665740463125
0.3945632700228329,0.11569665740463125,0.11389292768506867
0.425756924753039,0.11389292768506867,0.11408381120365105
0.41001774288862924,0.11408381120365105,0.12246873108903802
0.4726897613476549,0.12246873108903802,0.1351215187249918
0.34705256106940835,0.1351215187249918,0.1302391226403629
0.4097233493603075,0.1302391226403629,0.1302391226403629
0.425756924753039,0.1302391226403629,0.13033235894128942
0.44179050014577037,0.13033235894128942,0.1284976859062711
0.4097233493603075,0.1284976859062711,0.12854215500477606
0.4096224210459844,0.12854215500477606,0.14673310390073452
0.3435318579177846,0.14673310390073452,0.15492704654605502
0.4754065073676156,0.15492704654605502,0.1507408920154732
0.425756924753039,0.1507408920154732,0.14929128179949983
0.425756924753039,0.14929128179949983,0.1510703036144944
0.392764001924412,0.1510703036144944,0.15280673792925534
0.3923350910979608,0.15280673792925534,0.15581424066840827
0.459178758408117,0.15581424066840827,0.15674834611508529
0.44230605297003883,0.15674834611508529,0.11327556093045413
0.425756924753039,0.11327556093045413,0.11333515782823841
0.409207796536039,0.11333515782823841,0.11541868063617233
0.44230605297003883,0.11541868063617233,0.11343338701367514
0.425756924753039,0.11343338701367514,0.11343338701367514
0.425756924753039,0.11343338701367514,0.11981763264451484
0.3757859628809609,0.11981763264451484,0.11099698269290392
0.4425220986221675,0.11099698269290392,0.09396504145829829
0.39211706383373046,0.09396504145829829,0.09658529746426153
0.39167106213315894,0.09658529746426153,0.09658529746426153
0.425756924753039,0.09658529746426153,0.09443006487080682
0.425756924753039,0.09443006487080682,0.10114360056550037
0.45984278737291895,0.10114360056550037,0.10086606280547428
0.425756924753039,0.10086606280547428,0.08476811937750384
0.37445753390285436,0.08476811937750384,0.07830911342509056
0.3779038860172688,0.07830911342509056,0.07830443364345119
0.4075705393522182,0.07830443364345119,0.0867213451035726
0.3704118608193928,0.0867213451035726,0.08840996809511584
0.44433769613539614,0.08840996809511584,0.09504776664312362
0.36960768833251967,0.09504776664312362,0.09048228016852894
0.44460971267084437,0.09048228016852894,0.10273175458599448
0.34950193763500925,0.10273175458599448,0.11272579365722474
0.4641667378846683,0.11272579365722474,0.11647426607811115
0.44474931082163427,0.11647426607811115,0.12227357007855416
0.4633253897912014,0.12227357007855416,0.12227357007855416
0.425756924753039,0.12227357007855416,0.12227357007855416
0.425756924753039,0.12227357007855416,0.11705679041886724
0.425756924753039,0.11705679041886724,0.11708853410394568
0.38818845971487703,0.11708853410394568,0.11563177212021747
0.425756924753039,0.11563177212021747,0.12076504146217965
0.4633253897912014,0.12076504146217965,0.12371824101866599
0.38818845971487703,0.12371824101866599,0.12371824101866599
0.425756924753039,0.12371824101866599,0.11729716503442575
0.40676453868444357,0.11729716503442575,0.11931538706455272
0.38734711162140945,0.11931538706455272,0.11410235780136604
0.425756924753039,0.11410235780136604,0.11192953997227817
0.3867646482756246,0.11192953997227817,0.11197728057041897
0.425756924753039,0.11197728057041897,0.10403637032696486
0.406037333328632,0.10403637032696486,0.10174746146584807
0.405884816217427,0.10174746146584807,0.09669873916504154
0.3855463366695745,0.09669873916504154,0.11311666531698356
0.34340028682509416,0.11311666531698356,0.09744015009784632
0.4047489979502788,0.09744015009784632,0.23142927700693292
0.18259204688166286,0.23142927700693292,0.2312920606248747
0.3552474176965965,0.2312920606248747,0.23032617009919384
0.32863499187388523,0.23032617009919384,0.23032617009919384
0.425756924753039,0.23032617009919384,0.23032617009919384
0.425756924753039,0.23032617009919384,0.23032617009919384
0.425756924753039,0.23032617009919384,0.23049700022665046
0.400893321409896,0.23049700022665046,0.22811478934806148
0.4006496779622225,0.22811478934806148,0.2190704968580577
0.425756924753039,0.2190704968580577,0.21948212559635147
0.37479649129061615,0.21948212559635147,0.21615298113922224
0.3842490337812355,0.21615298113922224,0.21783426820735233
0.42052080698704164,0.21783426820735233,0.21912495529866835
0.36208206477403726,0.21912495529866835,0.22495932888489975
0.31599917121374843,0.22495932888489975,0.22914147123041398
0.33445072821334765,0.22914147123041398,0.23330259120764837
0.4431250551450791,0.23330259120764837,0.23635459656153937
0.425756924753039,0.23635459656153937,0.23601177679867083
0.4025730350788057,0.23601177679867083,0.23593006485598686
0.37875280876476375,0.23593006485598686,0.2331256110382672
0.3839116549602957,0.2331256110382672,0.23339756565003925
0.35239994472864844,0.23339756565003925,0.13653192409392617
0.4381292237446617,0.13653192409392617,0.14700098994359756
0.4625206957565346,0.14700098994359756,0.13420003599235772
0.425756924753039,0.13420003599235772,0.13264572315077497
0.41356072142751976,0.13264572315077497,0.13264572315077497
0.425756924753039,0.13264572315077497,0.1310256496779809
0.41350245803294633,0.1310256496779809,0.13322611715369112
0.425756924753039,0.13322611715369112,0.1342405541497404
0.3824009214889096,0.1342405541497404,0.13190619745150822
0.40065005957217315,0.13190619745150822,0.1321248913268472
0.425756924753039,0.1321248913268472,0.1528777342700246
0.3162326869921371,0.1528777342700246,0.15207710093901486
0.37926853914203396,0.15207710093901486,0.15205836779351672
0.43244996392980023,0.15205836779351672,0.13012666890353494
0.4190638855762777,0.13012666890353494,0.1175076302995838
0.445783640917302,0.1175076302995838,0.12986838346361948
0.47841172632835915,0.12986838346361948,0.15033290234420643
0.32612801139789055,0.15033290234420643,0.16249906374583012
0.4727310365328674,0.16249906374583012,0.1600756375923216
0.39901971655301427,0.1600756375923216,0.16402938467413988
0.4591349518432873,0.16402938467413988,0.1900510335997327
0.2965487102510225,0.1900510335997327,0.20738553940747564
0.5013502085850039,0.20738553940747564,0.20989484899925595
0.4727310365328674,0.20989484899925595,0.21032533056478234
0.4323977436432626,0.21032533056478234,0.21056089235497874
0.425756924753039,0.21056089235497874,0.21089151215462568
0.3990893896985524,0.21089151215462568,0.21106485405349
0.4055725189932283,0.21106485405349,0.2472989397814244
0.2798561824688021,0.2472989397814244,0.2500163802508646
0.4541925097977891,0.2500163802508646,0.25016949017380324
0.397321339708289,0.25016949017380324,0.2683328901212707
0.5101391287398328,0.2683328901212707,0.25734927725636664
0.4872754630504823,0.25734927725636664,0.2535958477460192
0.4325028023236876,0.2535958477460192,0.25359686355158495
0.43248496090643956,0.25359686355158495,0.254857124288665
0.39873900485080777,0.254857124288665,0.25448157636982727
0.4053055874060756,0.25448157636982727,0.2493936556942122
0.3913060569442114,0.2493936556942122,0.24425026205797115
0.3411439124378629,0.24425026205797115,0.23814379043208453
0.425756924753039,0.23814379043208453,0.23830546283730533
0.3969226354757133,0.23830546283730533,0.24598447553833144
0.33726361053427445,0.24598447553833144,0.21705269222560172
0.425756924753039,0.21705269222560172,0.22949837843842022
0.29494199616073347,0.22949837843842022,0.2197833307646949
0.39398598050087436,0.2197833307646949,0.21792508577551364
0.40972302043483055,0.21792508577551364,0.21721124810959144
0.4177022310547858,0.21721124810959144,0.22206339382593052
0.4498455227695006,0.22206339382593052,0.22389500158301365
0.43373669030825196,0.22389500158301365,0.18696863788662868
0.4416423647863856,0.18696863788662868,0.1955582902477127
0.33714809053354217,0.1955582902477127,0.1954024548403166
0.4010519009794786,0.1954024548403166,0.16690337728874788
0.4008121765316103,0.16690337728874788,0.16078630066482205
0.32348835515841357,0.16078630066482205,0.15759217324964978
0.37305705838547465,0.15759217324964978,0.15827298749154334
0.3446263515811617,0.15827298749154334,0.20447873998576696
0.524573857664249,0.20447873998576696,0.24745245531927498
0.5378503458406009,0.24745245531927498,0.2604205314245296
0.4841513819531771,0.2604205314245296,0.27955737014874943
0.5308097289026824,0.27955737014874943,0.28054393385415866
0.38585781484627074,0.28054393385415866,0.29020310632689555
0.4893012376616809,0.29020310632689555,0.300118587674171
0.5333188234354427,0.300118587674171,0.30941168675157493
0.34938877752007835,0.30941168675157493,0.293490178806619
0.3390481782316833,0.293490178806619,0.29196849840014066
0.43376151123451806,0.29196849840014066,0.29196849840014066
0.40972302043483055,0.29196849840014066,0.2922568773622292
0.44179082907124767,0.2922568773622292,0.2939901120869036
0.3854836504220902,0.2939901120869036,0.29498834528172946
0.449996294765779,0.29498834528172946,0.29462536440456366
0.4337862425897684,0.29462536440456366,0.2805278292188398
0.43376151123451806,0.2805278292188398,0.27932403220003627
0.4177523382715598,0.27932403220003627,0.277744873850708
0.43376151123451806,0.277744873850708,0.2559970457327871
0.40972302043483055,0.2559970457327871,0.249503568933134
0.4096224933779722,0.249503568933134,0.249910538737822
0.34353185982038803,0.249910538737822,0.23475176157359232
0.4589627268178816,0.23475176157359232,0.21170881983104525
0.4585404558067069,0.21170881983104525,0.20479930805181137
0.41760011236024375,0.20479930805181137,0.17860085729056055
0.4501494689599747,0.17860085729056055,0.17535522249959531
0.4095211929388983,0.17535522249959531,0.16325469056384145
0.425756924753039,0.16325469056384145,0.1271934610641308
0.3764244290918856,0.1271934610641308,0.11203847380808729
0.4091000872956818,0.11203847380808729,0.08725691460712279
0.4089920821852994,0.08725691460712279,0.086386164150006
0.4173331121854829,0.086386164150006,0.08687128596760102
0.4341807373205951,0.08687128596760102,0.08517507804467644
0.40888189196952895,0.08517507804467644,0.08077023530415475
0.4342081449689928,0.08077023530415475,0.07683662564462207
0.425756924753039,0.07683662564462207,0.0763572864414859
0.40882612237387533,0.0763572864414859,0.0801444634772884
0.45111153969975853,0.0801444634772884,0.08241577323213528
0.4425217673207786,0.08241577323213528,0.0817426954318419
0.425756924753039,0.0817426954318419,0.08181544605595914
0.4089920821852994,0.08181544605595914,0.09366057855407162
0.36620361249514133,0.09366057855407162,0.0675663002079892
0.4084857567386978,0.0675663002079892,0.06257021375838673
0.4430280927673804,0.06257021375838673,0.05610622736375611
0.39980650998405065,0.05610622736375611,0.05759441845065715
0.434436171507686,0.05759441845065715,0.053276209872090786
0.4344069978538187,0.053276209872090786,0.07806090178110331
0.34683808974813557,0.07806090178110331,0.07806090178110331
0.425756924753039,0.07806090178110331,0.07059679175928571
0.4168372759263777,0.07059679175928571,0.07356895384394596
0.44356622236161264,0.07356895384394596,0.08688303104884482
0.3628771753537491,0.08688303104884482,0.08718648780493443
0.40750610098045137,0.08718648780493443,0.08916103067113498
0.44400774852562624,0.08916103067113498,0.09195822238479245
0.44388004740497017,0.09195822238479245,0.09214862020064224
0.39852498573096745,0.09214862020064224,0.10357499296469336
0.4709852478961555,0.10357499296469336,0.10739298796030519
0.4525171673793526,0.10739298796030519,0.1044910120566443
0.4346151642991256,0.1044910120566443,0.1023431245842005
0.41689868520695217,0.1023431245842005,0.10890860403982469
0.46100945266957927,0.10890860403982469,0.11165702119986501
0.39050439683649846,0.11165702119986501,0.10038931471149753
0.425756924753039,0.10038931471149753,0.09965729480251723
0.425756924753039,0.09965729480251723,0.09972513128117921
0.44344328449237147,0.09972513128117921,0.09845452047581388
0.4080705650137067,0.09845452047581388,0.09957660093275494
0.44344328449237147,0.09957660093275494,0.09923877750307353
0.4169288045597935,0.09923877750307353,0.07406976234310525
0.40800903642504005,0.07406976234310525,0.0755115701553273
0.44350481308103784,0.0755115701553273,0.07528858338325314
0.43458504494628447,0.07528858338325314,0.11347730954269739
0.3269399918418291,0.11347730954269739,0.1008582088532218
0.44400774852562624,0.1008582088532218,0.10058905567376503
0.44388004740497017,0.10058905567376503,0.09944686290175325
0.425756924753039,0.09944686290175325,0.09818632843434585
0.425756924753039,0.09818632843434585,0.0950082225817567
0.425756924753039,0.0950082225817567,0.08637331098356504
0.425756924753039,0.08637331098356504,0.08772522942306113
0.38938297832852037,0.08772522942306113,0.08912460883748982
0.44400774852562624,0.08912460883748982,0.08903110537580589
0.425756924753039,0.08903110537580589,0.0845109379700485
0.44388004740497017,0.0845109379700485,0.08252053449537852
0.39852498573096745,0.08252053449537852,0.08252053449537852
0.425756924753039,0.08252053449537852,0.08315923976548037
0.43486574112317944,0.08315923976548037,0.08324139658606225
0.44388004740497017,0.08324139658606225,0.0822359894642021
0.425756924753039,0.0822359894642021,0.08133462463093236
0.40763380210110806,0.08133462463093236,0.08127109259189216
0.425756924753039,0.08127109259189216,0.0867290955763598
0.46187643152601476,0.0867290955763598,0.08623345440416169
0.4077605406319941,0.08623345440416169,0.09189055769945492
0.4616239027184858,0.09189055769945492,0.045952457002442194
0.398903870279449,0.045952457002442194,0.04588917473468481
0.4436903303999674,0.04588917473468481,0.06974338359532073
0.4962660887291768,0.06974338359532073,0.06974338359532073
0.425756924753039,0.06974338359532073,0.06969922222012231
0.434436171507686,0.06969922222012231,0.07156697438410783
0.4516209245236783,0.07156697438410783,0.11366030308681058
0.3296241630782759,0.11366030308681058,0.10987737019542296
0.45233293327428337,0.10987737019542296,0.14147655751932975
0.529399125624647,0.14147655751932975,0.15186149622833536
0.37445755036509004,0.15186149622833536,0.15180012339913274
0.44297085142289866,0.15180012339913274,0.14844677902752795
0.425756924753039,0.14844677902752795,0.14826534138024766
0.43432090004817214,0.14826534138024766,0.2046788982632334
0.5832777688349629,0.2046788982632334,0.38560604772650037
0.7713994126755787,0.38560604772650037,0.39670760261968513
0.5559984860749893,0.39670760261968513,0.4036018720064577
0.3717196001499938,0.4036018720064577,0.4036018720064577
0.425756924753039,0.4036018720064577,0.4051481746681543
0.425756924753039,0.4051481746681543,0.40398957750044806
0.5063930746406187,0.40398957750044806,0.4041608251706643
0.4520832375513434,0.4041608251706643,0.5840272819403394
0.8862020357855224,0.5840272819403394,0.585770389377532
0.425756924753039,0.585770389377532,0.6393784458309597
0.7349393672224307,0.6393784458309597,0.6353114879065027
0.4738594462178817,0.6353114879065027,0.6443924908284697
0.37765440328819605,0.6443924908284697,0.7023717661898783
0.22381606624032216,0.7023717661898783,0.7052256306785019
0.3185153407963639,0.7052256306785019,0.7043188340960131
0.48529180604630323,0.7043188340960131,0.7124503993929802
0.37169136800119884,0.7124503993929802,0.7161831981484461
0.35372974450038397,0.7161831981484461,0.7334652027587546
0.3225768525131975,0.7334652027587546,0.7852164404203573
0.199712081175393,0.7852164404203573,0.7868439090591041
0.4065282888211417,0.7868439090591041,0.779047863999867
0.5266886265693298,0.779047863999867,0.7130777864685974
0.5700987024462915,0.7130777864685974,0.7038710188438181
0.46637557073525804,0.7038710188438181,0.6998559417651752
0.425756924753039,0.6998559417651752,0.7154975299562379
0.3019258715117425,0.7154975299562379,0.7154975299562379
0.425756924753039,0.7154975299562379,0.7120470647995162
0.425756924753039,0.7120470647995162,0.7119370798781253
0.425756924753039,0.7119370798781253,0.5202666330324094
0.425756924753039,0.5202666330324094,0.5202666330324094
0.425756924753039,0.5202666330324094,0.39934221466550396
0.4736363133556346,0.39934221466550396,0.424207668910709
0.5586449364886255,0.424207668910709,0.4936401733279691
0.6571716070837053,0.4936401733279691,0.44778129033950526
0.425756924753039,0.44778129033950526,0.436556230438043
0.3737667612510154,0.436556230438043,0.5854689126103374
0.8149382820841644,0.5854689126103374,0.5974037067345388
0.3103376119874349,0.5974037067345388,0.5913910203790145
0.4020382601650777,0.5913910203790145,0.6206108706407986
0.22770370827750278,0.6206108706407986,0.5638367154577099
0.4767173582154615,0.5638367154577099,0.5835788189641331
0.30171281490465773,0.5835788189641331,0.5785037056070346
0.4151448141588119,0.5785037056070346,0.5875083864565692
0.2724009709171078,0.5875083864565692,0.5878056371832846
0.47051341484953574,0.5878056371832846,0.5900248776775642
0.48062915126859146,0.5900248776775642,0.5807285137377352
0.5321119648160799,0.5807285137377352,0.5873862174268397
0.5328925891473056,0.5873862174268397,0.644460997369352
0.7093559145323083,0.644460997369352,0.6489862736423646
0.3806079478725772,0.6489862736423646,0.6882568141187247
0.2367967873176565,0.6882568141187247,0.6893055085183654
0.4982525855119105,0.6893055085183654,0.6967823679755819
0.35326126399416724,0.6967823679755819,0.7046870419427128
0.2898849929291245,0.7046870419427128,0.696963099639342
0.634124517335825,0.696963099639342,0.6996902372712859
0.49626643180948166,0.6996902372712859,0.7099009571521804
0.3071448962317538,0.7099009571521804,0.5794521505318477
0.425756924753039,0.5794521505318477,0.5684064799358551
0.40136378545901025,0.5684064799358551,0.5684409088892917
0.4011306526327567,0.5684409088892917,0.5310183078181521
0.47477633616734977,0.5310183078181521,0.5350303190312089
0.35187390999558477,0.5350303190312089,0.5179619813632637
0.425756924753039,0.5179619813632637,0.5257132065937035
0.523803736542961,0.5257132065937035,0.4969888633485697
0.4015931277205709,0.4969888633485697,0.49624269866138176
0.4499207217855068,0.49624269866138176,0.4962794799809965
0.4015931277205709,0.4962794799809965,0.4985786522865742
0.32676666320476844,0.4985786522865742,0.4868314287371122
0.40040292690433926,0.4868314287371122,0.38271659730265967
0.4511109226017391,0.38271659730265967,0.38586430634513796
0.35412638999148643,0.38586430634513796,0.3402742287712887
0.4153590419111416,0.3402742287712887,0.3504059617123096
0.5328925891473056,0.3504059617123096,0.35113671705859406
0.3496892444997999,0.35113671705859406,0.3246867455259146
0.4513633603667621,0.3246867455259146,0.24446824494179512
0.425756924753039,0.24446824494179512,0.24574001368389162
0.3270668127533573,0.24574001368389162,0.22839921855189702
0.3614175769349296,0.22839921855189702,0.22839921855189702
0.425756924753039,0.22839921855189702,0.23061124249444873
0.4473828709629528,0.23061124249444873,0.23117141347061412
0.43650163787886775,0.23117141347061412,0.22332213553820948
0.4150122116272102,0.22332213553820948,0.21485944223322131
0.404130978543125,0.21485944223322131,0.2583272397507151
0.5631799489571071,0.2583272397507151,0.23659924169199373
0.425756924753039,0.23659924169199373,0.23615753480199783
0.425756924753039,0.23615753480199783,0.24809177166092353
0.5018246050062782,0.24809177166092353,0.25267163730343234
0.4752468002164644,0.25267163730343234,0.23209460232103904
0.425756924753039,0.23209460232103904,0.23406355014331795
0.4743138610795356,0.23406355014331795,0.2333983198237429
0.425756924753039,0.2333983198237429,0.22215154508249205
0.4015931277205709,0.22215154508249205,0.2237001517125383
0.40136378545901025,0.2237001517125383,0.20590349769030372
0.3762670492896135,0.20590349769030372,0.19614051108895736
0.4752468002164644,0.19614051108895736,0.19521143474227737
0.425756924753039,0.19521143474227737,0.21958824857683104
0.3258058046500974,0.21958824857683104,0.1979529544934453
0.40015048913931617,0.1979529544934453,0.20650172027955518
0.5266882083494213,0.20650172027955518,0.20650172027955518
0.425756924753039,0.20650172027955518,0.20947078518230836
0.47477633616734977,0.20947078518230836,0.21248037933873118
0.40136378545901025,0.21248037933873118,0.21166385924438622
0.425756924753039,0.21166385924438622,0.20939248497061133
0.425756924753039,0.20939248497061133,0.1707580611073363
0.4011306526327567,0.1707580611073363,0.17299486446561765
0.400893321409896,0.17299486446561765,0.1750882375192951
0.4006496779622225,0.1750882375192951,0.16095002100862132
0.40040292690433926,0.16095002100862132,0.24550069904803554
0.6219223702028134,0.24550069904803554,0.2565940375033982
0.3539357387002348,0.2565940375033982,0.251949701485897
0.425756924753039,0.251949701485897,0.6257043180197518
0.990270790880629,0.6257043180197518,0.6416865486557323
0.30604114087912143,0.6416865486557323,0.6413919335899366
0.40525093473551943,0.6413919335899366,0.638531171089688
0.4050872315022005,0.638531171089688,0.6411882461284107
0.3839114321603864,0.6411882461284107,0.6422334676539071
0.40457634766667994,0.6422334676539071,0.6553128529880174
0.272401094265145,0.6553128529880174,0.6544827030263006
0.4705135515003978,0.6544827030263006,0.6537457095906963
0.35832679732862566,0.6537457095906963,0.6537457095906963
0.425756924753039,0.6537457095906963,0.6649623972005846
0.5588950992457884,0.6649623972005846,0.6636753137007443
0.44729199057755387,0.6636753137007443,0.6636753137007443
0.425756924753039,0.6636753137007443,0.6663553813034178
0.38250506036817233,0.6663553813034178,0.6650465259348474
0.4474737233133906,0.6650465259348474,0.6817212465188576
0.2926187502602895,0.6817212465188576,0.6935930767861975
0.3092924480765281,0.6935930767861975,0.6938505233535106
0.4729773549108891,0.6938505233535106,0.6640782139246344
0.425756924753039,0.6640782139246344,0.6593920218434991
0.425756924753039,0.6593920218434991,0.659649780870935
0.4490460016516314,0.659649780870935,0.28586643164842224
0.44883684871648394,0.28586643164842224,0.267150955669009
0.425756924753039,0.267150955669009,0.2726237996091667
0.35588615832111287,0.2726237996091667,0.2779486594650317
0.3539357387002348,0.2779486594650317,0.2775355052213024
0.425756924753039,0.2775355052213024,0.2780106539772714
0.425756924753039,0.2780106539772714,0.2523920642737434
0.49757811080584297,0.2523920642737434,0.25009463567653883
0.37809953573270283,0.25009463567653883,0.254743895416288
0.49691607934326365,0.254743895416288,0.254743895416288
0.425756924753039,0.254743895416288,0.21372482030454729
0.425756924753039,0.21372482030454729,0.26829635790577583
0.5845204550811518,0.26829635790577583,0.3183175974055809
0.5959625350383864,0.3183175974055809,0.3144028206100972
0.425756924753039,0.3144028206100972,0.31434673395124735
0.44626291477055885,0.31434673395124735,0.2790113700124006
0.425756924753039,0.2790113700124006,0.294750956758681
0.27866401513347006,0.294750956758681,0.2942496405789735
0.46864808142523806,0.2942496405789735,0.2954831348705243
0.46794542864215855,0.2954831348705243,0.30039361417314214
0.3835684208639195,0.30039361417314214,0.3003170930322074
0.4469375018393979,0.3003170930322074,0.30176461328483756
0.40457634766667994,0.30176461328483756,0.30180896056057294
0.4469375018393979,0.30180896056057294,0.2904142884705901
0.425756924753039,0.2904142884705901,0.27714677637362317
0.425756924753039,0.27714677637362317,0.29547160206828543
0.5493050761960522,0.29547160206828543,0.29547160206828543
0.425756924753039,0.29547160206828543,0.30211763657381935
0.3647239591535167,0.30211763657381935,0.30082715435746105
0.38424966571230834,0.30082715435746105,0.3299155155509321
0.5879158507244673,0.3299155155509321,0.3966852075121992
0.6692440854455455,0.3966852075121992,0.46186610828879643
0.696893953628554,0.46186610828879643,0.4611471287937409
0.5817700643734038,0.4611471287937409,0.4451841500451018
0.41057424477107135,0.4451841500451018,0.45498284189303756
0.3641154200843998,0.45498284189303756,0.45966994862512617
0.39437291703874666,0.45966994862512617,0.5712360332890805
0.7929633849581894,0.5712360332890805,0.5589347572021001
0.31385139561365005,0.5589347572021001,0.6001587848229186
0.26348150607020904,0.6001587848229186,0.6733938576344365
0.16980237517608138,0.6733938576344365,0.6749501924170531
0.5408810146915993,0.6749501924170531,0.7009580013645197
0.276771279436088,0.7009580013645197,0.7091174964436082
0.3391011977982098,0.7091174964436082,0.7188548020873043
0.563039455370113,0.7188548020873043,0.7184752556430184
0.4754061389459938,0.7184752556430184,0.717885553599658
0.4420961891229063,0.717885553599658,0.7174102423512216
0.3597684461902166,0.7174102423512216,0.7170549104527262
0.4589624695740717,0.7170549104527262,0.7270285498848245
0.3076119372304456,0.7270285498848245,0.7238727210124525
0.46006956379235486,0.7238727210124525,0.7121207619258041
0.3741145451317323,0.7121207619258041,0.6730227206069257
0.511260859752736,0.6730227206069257,0.6124012857240715
0.4757277178579258,0.6124012857240715,0.5911150407655904
0.47477603528971685,0.5911150407655904,0.5925747295738146
0.3767378142163614,0.5925747295738146,0.5931018370526966
0.3589109451396802,0.5931018370526966,0.5927133388166667
0.4087705558831204,0.5927133388166667,0.43673369390980943
0.44274329362295767,0.43673369390980943,0.4960136986942813
0.6524944122359992,0.4960136986942813,0.49005395903787624
0.28230908625535966,0.49005395903787624,0.4140610803329824
0.4093132553811167,0.4140610803329824,0.39763359495883677
0.3925513799320064,0.39763359495883677,0.3673380624443459
0.425756924753039,0.3673380624443459,0.3598278843644254
0.3751301210907942,0.3598278843644254,0.3381975395007689
0.35666752526027695,0.3381975395007689,0.35310636110563737
0.30019906676692565,0.35310636110563737,0.36486266486958724
0.31303459814040924,0.36486266486958724,0.3693713167038461
0.4827352281889188,0.3693713167038461,0.38195187287982507
0.5180040512078629,0.38195187287982507,0.3732748427102464
0.49724535199901176,0.3732748427102464,0.37256974759149514
0.39026126814930423,0.37256974759149514,0.36944712771895033
0.425756924753039,0.36944712771895033,0.3583438242459218
0.44356616803648924,0.3583438242459218,0.3544218800486795
0.4434433380733232,0.3544218800486795,0.3584756816335645
0.49531383293406417,0.3584756816335645,0.3569865820453594
0.39121336390553607,0.3569865820453594,0.35132271907417195
0.425756924753039,0.35132271907417195,0.3575430165767929
0.35524792081578166,0.3575430165767929,0.373983110361496
0.5308094895377992,0.373983110361496,0.2893407594062541
0.442855743526843,0.2893407594062541,0.25700123675869546
0.39144428571372303,0.25700123675869546,0.25685964042694703
0.425756924753039,0.25685964042694703,0.25959117223543243
0.3734138368375256,0.25959117223543243,0.2659046039598398
0.4781000126685524,0.2659046039598398,0.2622069486835983
0.4429707450185513,0.2622069486835983,0.2582330561351136
0.3737663440340809,0.2582330561351136,0.22441411821365612
0.44320394462449453,0.22441411821365612,0.1929789144335717
0.47739930437434586,0.1929789144335717,0.20374610896321907
0.35666752526027695,0.20374610896321907,0.1861731385989352
0.44320394462449453,0.1861731385989352,0.17683006312190855
0.4603004856005417,0.17683006312190855,0.1824064685862156
0.4934825471890874,0.1824064685862156,0.18238101814456445
0.4424128504768774,0.18238101814456445,0.18647071430834827
0.3923357507453463,0.18647071430834827,0.18642088501988174
0.44252217303689334,0.18642088501988174,0.17604339050009474
0.4424128504768774,0.17604339050009474,0.17195437245558287
0.425756924753039,0.17195437245558287,0.17581686171564273
0.3923357507453463,0.17581686171564273,0.15990320995851004
0.425756924753039,0.15990320995851004,0.13796078443167603
0.3747965506008448,0.13796078443167603,0.13796078443167603
0.442855743526843,0.13796078443167603,0.13715492544507296
0.45961848013142975,0.13715492544507296,0.1376631174955769
0.44252217303689334,0.1376631174955769,0.12682623847935176
0.425756924753039,0.12682623847935176,0.15392042770913938
0.32348774146948744,0.15392042770913938,0.15658236195838401
0.4603004856005417,0.15658236195838401,0.15100996514646198
0.4598421123967617,0.15100996514646198,0.1509653528576705
0.4426321112615106,0.1509653528576705,0.1474370799559611
0.39189536937464853,0.1474370799559611,0.1384473665135186
0.4763837284152837,0.1384473665135186,0.1403680355277115
0.4589624695740717,0.1403680355277115,0.21147161675553863
0.601104300291573,0.21147161675553863,0.25266370035350144
0.5899150674142901,0.25266370035350144,0.2858091969965481
0.30741784300729236,0.2858091969965481,0.2825060557462506
0.4558556286216473,0.2825060557462506,0.2858511831529747
0.39565822088443076,0.2858511831529747,0.2860525954265512
0.425756924753039,0.2860525954265512,0.285829988716115
0.4408500061591316,0.285829988716115,0.2853359609818162
0.39548116336497885,0.2853359609818162,0.2853359609818162
0.425756924753039,0.2853359609818162,0.2976208573100451
0.33273141237010745,0.2976208573100451,0.31059944222674296
0.34558161440568974,0.31059944222674296,0.3094304929828704
0.4419931015479266,0.3094304929828704,0.31042512695323937
0.457924967690355,0.31042512695323937,0.31042512695323937
0.425756924753039,0.31042512695323937,0.3010385249380984
0.5199171468175796,0.3010385249380984,0.3017323013921842
0.4103010570841064,0.3017323013921842,0.30110038981688403
0.425756924753039,0.30110038981688403,0.3096576421507515
0.36298753177495924,0.3096576421507515,0.31131234446420636
0.48852631773111893,0.31131234446420636,0.30879836361318663
0.425756924753039,0.30879836361318663,0.31228708941378674
0.4870318533374756,0.31228708941378674,0.27989487127846274
0.5295976193357295,0.27989487127846274,0.3080124065665951
0.635093880600973,0.3080124065665951,0.35816542856259753
0.6685926138832032,0.35816542856259753,0.5172334802728383
0.8207091286973152,0.5172334802728383,0.5134284472644947
0.425756924753039,0.5134284472644947,0.5134284472644947
0.425756924753039,0.5134284472644947,0.5130927741939332
0.44659449054293154,0.5130927741939332,0.5102771418619212
0.41535885252171345,0.5102771418619212,0.5081652662764707
0.45682469023520317,0.5081652662764707,0.5596558704955427
0.7539029817340046,0.5596558704955427,0.5407128013107663
0.5668022601800371,0.5407128013107663,0.5727140947425371
0.3117534151398224,0.5727140947425371,0.590666856163483
0.3530050749183248,0.590666856163483,0.5869340436267098
0.5252689626996603,0.5869340436267098,0.5909605283800768
0.425756924753039,0.5909605283800768,0.5843610370599189
0.5130002462543486,0.5843610370599189,0.582277401915874
0.442855743526843,0.582277401915874,0.5944484019404358
0.3214147844779252,0.5944484019404358,0.6014486529668972
0.4079476814695888,0.6014486529668972,0.5995109968342648
0.44356616803648924,0.5995109968342648,0.6166374897430756
0.35376852542652976,0.6166374897430756,0.7935115039188164
0.0,0.7935115039188164,0.7757295259775049
0.37134856764058594,0.7757295259775049,0.7519870306345064
0.3018483074442574,0.7519870306345064,0.6344565117327704
0.5275761856767827,0.6344565117327704,0.6598754274624747
0.24186232065211463,0.6598754274624747,0.6596919615680911
0.40181820032066423,0.6596919615680911,0.7278800383341721
0.10606284262267313,0.7278800383341721,0.7302303501339082
0.45284619326314113,0.7302303501339082,0.7608190220464394
0.6077919987953068,0.7608190220464394,0.6582321244691987
0.3622121722878735,0.6582321244691987,0.6983171063418879
0.6710305713864251,0.6983171063418879,0.6999203597347224
0.4835890043305239,0.6999203597347224,0.702924927448619
0.3207044150177041,0.702924927448619,0.6886200809024478
0.40181820032066423,0.6886200809024478,0.6928856589537313
0.3026028661723005,0.6928856589537313,0.6802767812259621
0.425756924753039,0.6802767812259621,0.6766985562166067
0.37479649129061615,0.6766985562166067,0.7008437472858949
0.5635402490148784,0.7008437472858949,0.7080816414457987
0.4860268169667358,0.7080816414457987,0.7096046640411361
0.31623336927497525,0.7096046640411361,0.710014555347997
0.425756924753039,0.710014555347997,0.5734204287092273
0.425756924753039,0.5734204287092273,0.5720623629970555
0.4132949440088059,0.5720623629970555,0.5634075500886767
0.4752468002164644,0.5634075500886767,0.551185294863344
0.4011306526327567,0.551185294863344,0.5203365326440605
0.400893321409896,0.5203365326440605,0.5250236552923317
0.3496892444997999,0.5250236552923317,0.40713448211074355
0.4513633603667621,0.40713448211074355,0.40670533498306
0.425756924753039,0.40670533498306,0.3622580253834174
0.425756924753039,0.3622580253834174,0.3565804756945736
0.438465378981313,0.3565804756945736,0.25263992880535313
0.3874420349110424,0.25263992880535313,0.24394305166278243
0.4385918358292385,0.24394305166278243,0.24011383472459827
0.5014516746743118,0.24011383472459827,0.2393883345985864
0.425756924753039,0.2393883345985864,0.20715479090380098
0.4132949440088059,0.20715479090380098,0.20715479090380098
0.425756924753039,0.20715479090380098,0.20044019552799688
0.425756924753039,0.20044019552799688,0.150172258974412
0.425756924753039,0.150172258974412,0.13729826798134218
0.425756924753039,0.13729826798134218,0.09674979470279049
0.425756924753039,0.09674979470279049,0.09674979470279049
0.425756924753039,0.09674979470279049,0.09674979470279049
0.425756924753039,0.09674979470279049,0.09675572106600233
0.41323399696496516,0.09675572106600233,0.08594341896573734
0.41317260575029624,0.08594341896573734,0.10566531242328406
0.3489325420917164,0.10566531242328406,0.1123399675970734
0.373236531804095,0.1123399675970734,0.09291927690951607
0.425756924753039,0.09291927690951607,0.10405255238240935
0.35856167681367845,0.10405255238240935,0.11248289140904133
0.46628414997191825,0.11248289140904133,0.11372028230014727
0.4391253994995967,0.11372028230014727,0.1162199041725065
0.45228748093288734,0.1162199041725065,0.15615542510964142
0.5418706921573806,0.15615542510964142,0.155834417259878
0.425756924753039,0.155834417259878,0.15536479282587418
0.5003540470072808,0.15536479282587418,0.15866746536820633
0.46226017703718203,0.15866746536820633,0.2235443090774353
0.26369611675223126,0.2235443090774353,0.23918669110176008
0.3340730346312714,0.23918669110176008,0.23971710790339043
0.3989504932977043,0.23971710790339043,0.2472700255741719
0.47909391238822197,0.2472700255741719,0.2472700255741719
0.425756924753039,0.2472700255741719,0.2492997319285475
0.45201643681647197,0.2492997319285475,0.2500383560608688
0.3994974126896059,0.2500383560608688,0.25971099372579937
0.49091025869495786,0.25971099372579937,0.2595685595647517
0.425756924753039,0.2595685595647517,0.2595803948232073
0.4128578360096761,0.2595803948232073,0.24966147706113886
0.3997621916179159,0.24966147706113886,0.24418615387156853
0.438786797432625,0.24418615387156853,0.24577290615220695
0.3996307104499153,0.24577290615220695,0.2362623343578382
0.41259375431314355,0.2362623343578382,0.23833165594289193
0.478011169951595,0.23833165594289193,0.23992552415848742
0.3997621916179159,0.23992552415848742,0.23987286577847686
0.4517516578881622,0.23987286577847686,0.21054000517038515
0.4127920642975019,0.21054000517038515,0.21054000517038515
0.425756924753039,0.21054000517038515,0.19543124197466494
0.425756924753039,0.19543124197466494,0.38423749480290437
0.75472660016281,0.38423749480290437,0.364512835865355
0.5703070661869647,0.364512835865355,0.351790428926477
0.382138234069741,0.351790428926477,0.3626125942118799
0.5544552759976556,0.3626125942118799,0.3832365512768009
0.3298413769122211,0.3832365512768009,0.3853008766293856
0.4039486339691186,0.3853008766293856,0.399636282007812
0.5539202569363442,0.399636282007812,0.4004164059118946
0.394309504391712,0.4004164059118946,0.4042973523916761
0.38322025681899574,0.4042973523916761,0.4949872471734364
0.16650615454527123,0.4949872471734364,0.4945116670590927
0.425756924753039,0.4945116670590927,0.5004338211917454
0.3536000857533347,0.5004338211917454,0.5004788843673741
0.425756924753039,0.5004788843673741,0.5238504166322858
0.591079326702071,0.5238504166322858,0.5384990603370092
0.5703070661869647,0.5384990603370092,0.5807312347844152
0.6631546038955742,0.5807312347844152,0.5787861129850593
0.5034511385783479,0.5787861129850593,0.6163347395475763
0.25775794140476394,0.6163347395475763,0.6383021107920435
0.28945368156262513,0.6383021107920435,0.6579217385791587
0.29319066723250153,0.6579217385791587,0.6589850659629323
0.40298337441049575,0.6589850659629323,0.5657158801265288
0.425756924753039,0.5657158801265288,0.5831798413922382
0.6238104309625871,0.5831798413922382,0.5831014740808468
0.3830432264065717,0.5831014740808468,0.5671027402426047
0.425756924753039,0.5671027402426047,0.5583384207074912
0.425756924753039,0.5583384207074912,0.5586393319957833
0.4578584149960828,0.5586393319957833,0.5460670207882561
0.3611489695204882,0.5460670207882561,0.5490326405331876
0.3594845257011029,0.5490326405331876,0.5477509901580948
0.425756924753039,0.5477509901580948,0.47842990442866323
0.3806079478725772,0.47842990442866323,0.47842990442866323
0.425756924753039,0.47842990442866323,0.48247531456400555
0.33301111266448946,0.48247531456400555,0.4843977369319144
0.47254776722152,0.4843977369319144,0.47143889732855854
0.5502104008119062,0.47143889732855854,0.44755814389937687
0.403572084645921,0.44755814389937687,0.36988193624275434
0.36944325842135844,0.36988193624275434,0.35887615870503325
0.4484304254300934,0.35887615870503325,0.3237752181376406
0.4144450074773518,0.3237752181376406,0.31538220872344896
0.5258167172840693,0.31538220872344896,0.2928183646239768
0.5009770880890135,0.2928183646239768,0.2917393783341093
0.41514471664961566,0.2917393783341093,0.36139125157336754
0.6496744615743263,0.36139125157336754,0.3260775962765596
0.5401497585081005,0.3260775962765596,0.3466409861580882
0.31136409099797746,0.3466409861580882,0.3502938374324504
0.3864672263678924,0.3502938374324504,0.35723916900883684
0.36567422813396266,0.35723916900883684,0.35729036645096496
0.4054135358833447,0.35729036645096496,0.3497452516065969
0.4359483503681249,0.3497452516065969,0.3413140285681625
0.4560924747199558,0.3413140285681625,0.34386803939994864
0.39542137478612244,0.34386803939994864,0.33870095183824317
0.4359088880076475,0.33870095183824317,0.3511672598656488
0.5348588454474998,0.3511672598656488,0.33702422320849296
0.38661638471184995,0.33702422320849296,0.3366691689986302
0.425756924753039,0.3366691689986302,0.31875175152065444
0.425756924753039,0.31875175152065444,0.31654570369207813
0.44540148866565665,0.31654570369207813,0.30763068129398485
0.43552337519137285,0.30763068129398485,0.3149299279416335
0.37655023291118017,0.3149299279416335,0.32892465015237565
0.5423095441206046,0.32892465015237565,0.5691672495416676
0.9091521752823808,0.5691672495416676,0.5784180932477903
0.5711003045547699,0.5784180932477903,0.5830151553572451
0.38073958912390526,0.5830151553572451,0.5682536046301175
0.6012854218614687,0.5682536046301175,0.5628813354529227
0.4817035007125625,0.5628813354529227,0.5458208761450477
0.5539485345222136,0.5458208761450477,0.5391967605390816
0.43888651592228123,0.5391967605390816,0.5290736920437772
0.425756924753039,0.5290736920437772,0.5280214542314342
0.4126273335837966,0.5280214542314342,0.5406744711299851
0.3590841407339573,0.5406744711299851,0.5472274306354254
0.3917612937752441,0.5472274306354254,0.575348479460206
0.2850977386585346,0.575348479460206,0.595716206020997
0.3149757240613528,0.595716206020997,0.5926590143457797
0.5074593835881573,0.5926590143457797,0.5886093474548212
0.425756924753039,0.5886093474548212,0.5886093474548212
0.425756924753039,0.5886093474548212,0.6093215378012696
0.306041304560021,0.6093215378012696,0.6477289246236622
0.2432808372106042,0.6477289246236622,0.6483513643858227
0.4175218561452747,0.6483513643858227,0.6550046935272009
0.333389264288365,0.6550046935272009,0.6537603597283884
0.5345682545896352,0.6537603597283884,0.44793406408304326
0.5692047632507182,0.44793406408304326,0.4472031587535974
0.5689710093709204,0.4472031587535974,0.45093213121970704
0.5051677489544356,0.45093213121970704,0.42174448024153643
0.3463461005516423,0.42174448024153643,0.42206393695159383
0.48375224359815827,0.42206393695159383,0.4000292084933132
0.37508278976365356,0.4000292084933132,0.39933775720707265
0.425756924753039,0.39933775720707265,0.4061925686120972
0.3364965848638606,0.4061925686120972,0.40617290226306235
0.41057424477107135,0.40617290226306235,0.41200014762522386
0.3248254328567528,0.41200014762522386,0.4121478050557902
0.425756924753039,0.4121478050557902,0.3913118653508252
0.425756924753039,0.3913118653508252,0.3941736550695202
0.5342907688552857,0.3941736550695202,0.3845820945207239
0.4105298807880031,0.3845820945207239,0.3859574750585178
0.38728936790964497,0.3859574750585178,0.3859574750585178
0.425756924753039,0.3859574750585178,0.38083586930064656
0.5246006838406138,0.38083586930064656,0.3303523176105085
0.48474902617941024,0.3303523176105085,0.3757024403873118
0.622189891641576,0.3757024403873118,0.35630587624852267
0.425756924753039,0.35630587624852267,0.3471767710392019
0.425756924753039,0.3471767710392019,0.3237718948508906
0.44594067636561746,0.3237718948508906,0.3910008009856473
0.6928700976221717,0.3910008009856473,0.3987190120040031
0.5438246764049481,0.3987190120040031,0.4070046863221856
0.3197428571434835,0.4070046863221856,0.4056573375584188
0.46158259597142115,0.4056573375584188,0.39813509088399757
0.4610904081248814,0.39813509088399757,0.40438631137201625
0.378536494595189,0.40438631137201625,0.4255446763952786
0.2786641417399256,0.4255446763952786,0.4353306735426574
0.5489109833337774,0.4353306735426574,0.41312933312846506
0.4734143137733752,0.41312933312846506,0.45794785102322505
0.6624305777634935,0.45794785102322505,0.47284155527836796
0.3492592112555476,0.47284155527836796,0.4810148203949775
0.5765446323826937,0.4810148203949775,0.4791683156058028
0.425756924753039,0.4791683156058028,0.47461500289737885
0.415274142902455,0.47461500289737885,0.4791454463790898
0.3940512027145038,0.4791454463790898,0.47789387551551726
0.425756924753039,0.47789387551551726,0.4870142448407256
0.5604136475749687,0.4870142448407256,0.49635771404012136
0.6479913438898153,0.49635771404012136,0.4973890262095692
0.41648364765102347,0.4973890262095692,0.5439584243588582
0.25284990487577735,0.5439584243588582,0.5444213199268375
0.4356739182097511,0.5444213199268375,0.4877170560404836
0.405884816217427,0.4877170560404836,0.5207886163407739
0.2396451040048261,0.5207886163407739,0.508286117838782
0.39338597164902467,0.508286117838782,0.5212265067235415
0.5528657629422303,0.5212265067235415,0.5229024754664372
0.4870318533374756,0.5229024754664372,0.5196836725449187
0.4856067244014453,0.5196836725449187,0.4877622386748461
0.425756924753039,0.4877622386748461,0.47758947218131703
0.44540148866565665,0.47758947218131703,0.4863911121784155
0.35633456689945786,0.4863911121784155,0.4283925133739459
0.415684919045596,0.4283925133739459,0.4211244033409165
0.39530195487847924,0.4211244033409165,0.39392093384139315
0.425756924753039,0.39392093384139315,0.39773639811892947
0.37418316925335504,0.39773639811892947,0.39992590978770254
0.3837411354087764,0.39992590978770254,0.4020180316143317
0.47817078632862764,0.4020180316143317,0.4115812258021746
0.341374764226343,0.4115812258021746,0.39911116820184817
0.3162326613162362,0.39911116820184817,0.31528869965382067
0.36919598093140144,0.31528869965382067,0.3151765305261627
0.4142938460375914,0.3151765305261627,0.3119452593280402
0.2596718329742798,0.3119452593280402,0.31879416210489364
0.4743138610795356,0.31879416210489364,0.3207743098664897
0.43775441355297023,0.3207743098664897,0.27239540114733696
0.425756924753039,0.27239540114733696,0.2780880700132631
0.3529189706783243,0.2780880700132631,0.24481641353357123
0.3380893335983842,0.24481641353357123,0.2286835341405736
0.38077681947087905,0.2286835341405736,0.21251472112614975
0.3534467042997086,0.21251472112614975,0.2582635547859304
0.5430472504885298,0.2582635547859304,0.25506136847579247
0.425756924753039,0.25506136847579247,0.27752281940013784
0.5134245159076938,0.27752281940013784,0.307110305676782
0.5342547790481588,0.307110305676782,0.30957455030703285
0.36604585169034937,0.30957455030703285,0.4286061138121953
0.7005160971175287,0.4286061138121953,0.42884686800406496
0.46882833638495053,0.42884686800406496,0.4301804221069228
0.3718046018402749,0.4301804221069228,0.4289979089438919
0.4690087891379057,0.4289979089438919,0.42043528205461117
0.425756924753039,0.42043528205461117,0.43174999778633794
0.5817697384226528,0.43174999778633794,0.4325874332886565
0.36448199616860233,0.4325874332886565,0.4706235750963326
0.254844305789396,0.4706235750963326,0.45249893864967466
0.5654762533683085,0.45249893864967466,0.4589336354460121
0.3622123300162354,0.4589336354460121,0.45894179710271915
0.43645738328093625,0.45894179710271915,0.4601629095341146
0.4043110668297819,0.4601629095341146,0.45133659676379384
0.425756924753039,0.45133659676379384,0.4387710426356104
0.41496725832388387,0.4387710426356104,0.43329066922037107
0.44729199057755387,0.43329066922037107,0.42219632258668255
0.425756924753039,0.42219632258668255,0.4117386606976284
0.425756924753039,0.4117386606976284,0.4124701484089793
0.41501152535767927,0.4124701484089793,0.40668210687563655
0.425756924753039,0.40668210687563655,0.39502794117242296
0.425756924753039,0.39502794117242296,0.38813053855442214
0.425756924753039,0.38813053855442214,0.27804023479729434
0.39478963594927396,0.27804023479729434,0.27439837952586577
0.425756924753039,0.27439837952586577,0.26921941456730203
0.425756924753039,0.26921941456730203,0.2655295667614541
0.425756924753039,0.2655295667614541,0.48385585861948915
0.020656681836752178,0.48385585861948915,0.446462088924884
0.425756924753039,0.446462088924884,0.4511411619534094
0.4711904020486903,0.4511411619534094,0.47800044293997485
0.19011572132958043,0.47800044293997485,0.45128500368568597
0.3104020650704298,0.45128500368568597,0.45078946980690043
0.40354040427886123,0.45078946980690043,0.46688955103517377
0.2566952731542536,0.46688955103517377,0.46623624511814704
0.38573381561174597,0.46623624511814704,0.46623624511814704
0.425756924753039,0.46623624511814704,0.6106991192006158
0.7653529851952788,0.6106991192006158,0.6084729843948142
0.3757857898365324,0.6084729843948142,0.6183846861770544
0.5038534028683287,0.6183846861770544,0.6220434989031466
0.4673764492327292,0.6220434989031466,0.6641367065989432
0.6243198034022489,0.6641367065989432,0.6639136451324679
0.4001504623034403,0.6639136451324679,0.6636437393440417
0.4128579673640132,0.6636437393440417,0.6682557936855419
0.3268934244037308,0.6682557936855419,0.6684377798399451
0.41902924381280193,0.6684377798399451,0.6684377798399451
0.425756924753039,0.6684377798399451,0.6682087430796786
0.3850154671958307,0.6682087430796786,0.6677922991044516
0.4120321047892069,0.6677922991044516,0.5277251112837319
0.425756924753039,0.5277251112837319,0.5298946509597353
0.46671404297975844,0.5298946509597353,0.5283894441980156
0.38479980652631973,0.5283894441980156,0.46908779081918367
0.425756924753039,0.46908779081918367,0.47238943631875646
0.298822581497147,0.47238943631875646,0.48987267324754663
0.5595628277868849,0.48987267324754663,0.4523702391148146
0.41199540761611586,0.4523702391148146,0.44824281798456544
0.4463717020758401,0.44824281798456544,0.4497267878800319
0.40514214743023785,0.4497267878800319,0.29711389758176937
0.425756924753039,0.29711389758176937,0.2920423708160709
0.425756924753039,0.2920423708160709,0.28217238948800094
0.425756924753039,0.28217238948800094,0.27913197025158504
0.425756924753039,0.27913197025158504,0.19217187235115202
0.425756924753039,0.19217187235115202,0.19171127013764208
0.425756924753039,0.19171127013764208,0.1918269035753639
0.425756924753039,0.1918269035753639,0.1885261212966079
0.3344660546732179,0.1885261212966079,0.19044187061358298
0.38976407736846336,0.19044187061358298,0.20742943460450977
0.329750335144572,0.20742943460450977,0.20708737848864964
0.38785624220029113,0.20708737848864964,0.2107246305984525
0.37174005238969,0.2107246305984525,0.21227222961936573
0.37853692512154913,0.21227222961936573,0.23358658343011998
0.2870599479167525,0.23358658343011998,0.2702757724530683
0.5405143901200642,0.2702757724530683,0.2703530955607371
0.3853573870745178,0.2703530955607371,0.2892749610877844
0.25749930148845623,0.2892749610877844,0.25904833246692577
0.4943855368964696,0.25904833246692577,0.2802262534724717
0.5090464616047586,0.2802262534724717,0.28314197764473714
0.3424673879013194,0.28314197764473714,0.29098861197973763
0.46773863937286986,0.29098861197973763,0.2940268363114947
0.4506212557595104,0.2940268363114947,0.29633657464929386
0.35891087912673664,0.29633657464929386,0.32050093047374684
0.5253859358741917,0.32050093047374684,0.31981455601637715
0.40120883853600986,0.31981455601637715,0.3190352276009079
0.40097241544439705,0.3190352276009079,0.31830088829183767
0.39233570717404037,0.31830088829183767,0.31830088829183767
0.425756924753039,0.31830088829183767,0.3138788302940165
0.4508634413563871,0.3138788302940165,0.3135046205091243
0.41741566779209976,0.3135046205091243,0.3073773570975876
0.3580310310900435,0.3073773570975876,0.49803299302786125
0.800298734906977,0.49803299302786125,0.5039978426028776
0.33518741371025684,0.5039978426028776,0.5012755160994146
0.425756924753039,0.5012755160994146,0.4782675462225117
0.4638825710286379,0.4782675462225117,0.47743263520768825
0.5368566197953768,0.47743263520768825,0.5026905236580463
0.2765315834351025,0.5026905236580463,0.46744239913418734
0.4714402782188502,0.46744239913418734,0.4657935532034096
0.4030165277145308,0.4657935532034096,0.4597318196728429
0.4333592867077784,0.4597318196728429,0.4507134380620072
0.4783544551316646,0.4507134380620072,0.45009672129430606
0.425756924753039,0.45009672129430606,0.47133472168060914
0.5773909552540869,0.47133472168060914,0.48113000538870604
0.31836595232202963,0.48113000538870604,0.47457289299448807
0.4037303871571779,0.47457289299448807,0.49705048352035947
0.2894849509762016,0.49705048352035947,0.4975452618240042
0.394469030268853,0.4975452618240042,0.4959405164194776
0.44925862057258914,0.4959405164194776,0.5002279925480659
0.37058168090418186,0.5002279925480659,0.4998709327857764
0.425756924753039,0.4998709327857764,0.5122366246689697
0.5425739282358267,0.5122366246689697,0.505727999800896
0.41813203748245736,0.505727999800896,0.3313777727224264
0.425756924753039,0.3313777727224264,0.3200327088323366
0.4561222090621287,0.3200327088323366,0.32774738663205905
0.3569242291906929,0.32774738663205905,0.32691751767007715
0.4565764267136339,0.32691751767007715,0.31592529094336685
0.5012296136496466,0.31592529094336685,0.28135992005403176
0.3807397222679697,0.28135992005403176,0.2776842388363771
0.425756924753039,0.2776842388363771,0.3548828801207876
0.650304505290405,0.3548828801207876,0.3828043409657633
0.5805454218351136,0.3828043409657633,0.39072627877315214
0.5281951504609121,0.39072627877315214,0.49008860702324814
0.15461974553861085,0.49008860702324814,0.4687259636242876
0.48095337164027785,0.4687259636242876,0.46746744404947954
0.5457827773311427,0.46746744404947954,0.4692511239009926
0.3863671066435994,0.4692511239009926,0.44188917341733225
0.425756924753039,0.44188917341733225,0.44214323133746203
0.39246494502083373,0.44214323133746203,0.44342957038746794
0.478819021762406,0.44342957038746794,0.48138054109774847
0.6518616574329767,0.48138054109774847,0.48388229573958025
0.4015928162998163,0.48388229573958025,0.47652690524231395
0.425756924753039,0.47652690524231395,0.47597501625057154
0.425756924753039,0.47597501625057154,0.47597501625057154
0.425756924753039,0.47597501625057154,0.47894350761323917
0.4013643466422621,0.47894350761323917,0.5010088916313802
0.28082541149471874,0.5010088916313802,0.501490878047657
0.4707369176643843,0.501490878047657,0.49940252335634633
0.41298569417163544,0.49940252335634633,0.49939875469871103
0.5138533816059124,0.49939875469871103,0.5046637957889986
0.3757858760285452,0.5046637957889986,0.4568712696063371
0.4633260334794692,0.4568712696063371,0.4393444538363067
0.3500624078982291,0.4393444538363067,0.42644275666817294
0.412921692884844,0.42644275666817294,0.3314528051226393
0.3473728087838969,0.3314528051226393,0.3278999427651014
0.4124572102093822,0.3278999427651014,0.30448516526268765
0.41238859493710595,0.30448516526268765,0.30384823406181793
0.3920287617405796,0.30384823406181793,0.3132654777496354
0.49938415307072725,0.3132654777496354,0.32987548403808137
0.31795360357693053,0.32987548403808137,0.32518298915150795
0.43948174471687085,0.32518298915150795,0.22162517723703676
0.425756924753039,0.22162517723703676,0.22527245856475261
0.45298922301592615,0.22527245856475261,0.22833743879646942
0.4527040623971993,0.22833743879646942,0.23045083031944194
0.37841287001658036,0.23045083031944194,0.2301250201741913
0.4189215435824502,0.2301250201741913,0.23340129922127914
0.45298922301592615,0.23340129922127914,0.2003787663739878
0.3571282703399721,0.2003787663739878,0.20123627385837542
0.4739886620738071,0.20123627385837542,0.2030500798120646
0.4461538418453379,0.2030500798120646,0.1798435752223219
0.425756924753039,0.1798435752223219,0.17567961024997228
0.41897589938473967,0.17567961024997228,0.1697518750439332
0.405305651858451,0.1697518750439332,0.24305641362104927
0.610594983438417,0.24305641362104927,0.25688139813475747
0.5134246096822916,0.25688139813475747,0.2557802163857937
0.35079770326294496,0.2557802163857937,0.2557032306334615
0.45098651612627977,0.2557032306334615,0.25692929179733903
0.4005273333797983,0.25692929179733903,0.25574682979911295
0.40027723073247634,0.25574682979911295,0.2487757396326555
0.4638823328814187,0.2487757396326555,0.24113029647920317
0.33590257631059006,0.24113029647920317,0.24111023746069418
0.43878696858547594,0.24111023746069418,0.24111023746069418
0.425756924753039,0.24111023746069418,0.24082671533702268
0.41272688092060217,0.24082671533702268,0.2433149883263793
0.38626651722977134,0.2433149883263793,0.23871290567000156
0.44557795558103874,0.23871290567000156,0.2436418442770448
0.3792678495654497,0.2436418442770448,0.24233970057600487
0.425756924753039,0.24233970057600487,0.30800724877568336
0.22367899405879357,0.30800724877568336,0.3115541603178118
0.344755789966901,0.3115541603178118,0.3160743963015525
0.3498392638820025,0.3160743963015525,0.31788074747756523
0.37124988006609955,0.31788074747756523,0.32774670128979394
0.4879574237792169,0.32774670128979394,0.37314640238602204
0.5894399382993616,0.37314640238602204,0.3186026941507025
0.360049239011563,0.3186026941507025,0.30321166504234137
0.35072455337549574,0.30321166504234137,0.30363483643909206
0.45603272003520506,0.30363483643909206,0.31083233189928783
0.4852604569536159,0.31083233189928783,0.31845793576903764
0.47671765438931496,0.31845793576903764,0.3190786496837206
0.43295524517518974,0.3190786496837206,0.314966075641362
0.3895619219268608,0.314966075641362,0.30662046978909324
0.4330368696011994,0.30662046978909324,0.3054936096792704
0.41847697990487853,0.3054936096792704,0.3082110428612604
0.4547536071570668,0.3082110428612604,0.3158760747815027
0.48278814012417165,0.3158760747815027,0.31440874006977015
0.425756924753039,0.31440874006977015,0.31371581398425485
0.397399639450694,0.31371581398425485,0.31421144332894096
0.3753662571283841,0.31421144332894096,0.31501580552365066
0.44025532164799436,0.31501580552365066,0.24410012205667178
0.4329752654139512,0.24410012205667178,0.2294989835922975
0.425756924753039,0.2294989835922975,0.21467432003873407
0.425756924753039,0.21467432003873407,0.2054481612168161
0.425756924753039,0.2054481612168161,0.21106870411968656
0.360049239011563,0.21106870411968656,0.14154820884136488
0.4405038808582387,0.14154820884136488,0.13582036538176823
0.47671765438931496,0.13582036538176823,0.11399051619813075
0.425756924753039,0.11399051619813075,0.1119503454225691
0.425756924753039,0.1119503454225691,0.10015750979302732
0.43295524517518974,0.10015750979302732,0.09026979046820849
0.43293550593987373,0.09026979046820849,0.10558900324544235
0.4894765012593438,0.10558900324544235,0.12043270849418136
0.5083335674594486,0.12043270849418136,0.12069983094311099
0.425756924753039,0.12069983094311099,0.12005937080786111
0.425756924753039,0.12005937080786111,0.11858263008553
0.43252028891734895,0.11858263008553,0.1098804390670449
0.4189935605887293,0.1098804390670449,0.12214661765807272
0.3710012315917764,0.12214661765807272,0.12513233658798573
0.47373159254600244,0.12513233658798573,0.11837216797738953
0.4728534175814316,0.11837216797738953,0.1363490924031652
0.5109995111272727,0.1363490924031652,0.13638472288223694
0.43219816889160434,0.13638472288223694,0.13708810784407796
0.4193156806144737,0.13708810784407796,0.14304319996346723
0.3933044604457298,0.14304319996346723,0.1425666681805495
0.43878696858547594,0.1425666681805495,0.12419563460655031
0.41272688092060217,0.12419563460655031,0.12574267206215395
0.41921715590326203,0.12574267206215395,0.1370941230634243
0.5095053279374478,0.1370941230634243,0.15244944003135824
0.36806846840253465,0.15244944003135824,0.15244944003135824
0.425756924753039,0.15244944003135824,0.15284318909201164
0.425756924753039,0.15284318909201164,0.15569680090378782
0.4062367467689112,0.15569680090378782,0.1485227513998522
0.41266056987954886,0.1485227513998522,0.12993867928991182
0.425756924753039,0.12993867928991182,0.13015034038354903
0.43885327962652904,0.13015034038354903,0.13308727578054486
0.3994975381754105,0.13308727578054486,0.1370891181656135
0.3925508633341015,0.1370891181656135,0.15387781419818855
0.3511596649958682,0.15387781419818855,0.14869680082685188
0.39112067900022085,0.14869680082685188,0.15096793801758068
0.48095337164027785,0.15096793801758068,0.14656638361487614
0.391398148684075,0.14656638361487614,0.12408791416382373
0.37687071246373505,0.12408791416382373,0.1436067052057509
0.4953132717548403,0.1436067052057509,0.15717290896325697
0.4867896208459648,0.15717290896325697,0.15484882172076375
0.425756924753039,0.15484882172076375,0.17255108486593254
0.5049454204683334,0.17255108486593254,0.17297444764139372
0.4451793452279115,0.17297444764139372,0.17395743296343733
0.40633450427816675,0.17395743296343733,0.1782151321420747
0.3263846555578945,0.1782151321420747,0.194847483649448
0.5186224960745341,0.194847483649448,0.20107435174116325
0.37310166951205564,0.20107435174116325,0.201075759983645
0.41909871196831056,0.201075759983645,0.20448013401677514
0.4654506919464733,0.20448013401677514,0.20448406246847625
0.4125938930489008,0.20448406246847625,0.2045624814932184
0.4191498391800155,0.2045624814932184,0.20408077792786763
0.425756924753039,0.20408077792786763,0.20738653285329603
0.37902696667099445,0.20738653285329603,0.20554276275166636
0.4391949031028785,0.20554276275166636,0.19757969106226536
0.37841287001658036,0.19757969106226536,0.19460842694951952
0.4393728164770381,0.19460842694951952,0.18796708614410812
0.43930131428564795,0.18796708614410812,0.18481600291009317
0.4189935605887293,0.18481600291009317,0.1787816427341677
0.4527040623971993,0.1787816427341677,0.16749753288566366
0.43244992863933057,0.16749753288566366,0.1587485087618104
0.40562594251690837,0.1587485087618104,0.15919758417055532
0.41224776545871805,0.15919758417055532,0.13879079896374424
0.425756924753039,0.13879079896374424,0.14042360692999756
0.38479980652631973,0.14042360692999756,0.14231431135985767
0.4463171258874598,0.14231431135985767,0.11182101634686911
0.41206828339657214,0.11182101634686911,0.07213222807464936
0.425756924753039,0.07213222807464936,0.0769736538072476
0.3632415086988603,0.0769736538072476,0.07783568520674555
0.4327786441496777,0.07783568520674555,0.06889140097169646
0.39755469117160336,0.06889140097169646,0.06922610564596504
0.425756924753039,0.06922610564596504,0.06994203218326298
0.4044004677752703,0.06994203218326298,0.06955899469051993
0.41142007001900005,0.06955899469051993,0.06319751146469638
0.4041009321025023,0.06319751146469638,0.06344477853572508
0.4402145969814249,0.06344477853572508,0.05520234529700726
0.425756924753039,0.05520234529700726,0.05303535897002639
0.425756924753039,0.05303535897002639,0.051707747695939006
0.43295524517518974,0.051707747695939006,0.05195818135719985
0.4113402636699761,0.05195818135719985,0.06821965216137915
0.48294640033045766,0.06821965216137915,0.06753439960003033
0.425756924753039,0.06753439960003033,0.09206916114860819
0.4955017924315123,0.09206916114860819,0.09155698993671654
0.425756924753039,0.09155698993671654,0.09499179794658902
0.453133915629108,0.09499179794658902,0.08787626905298346
0.43255602673538995,0.08787626905298346,0.08638523930499556
0.43253795012133817,0.08638523930499556,0.08683058422237411
0.445993764987597,0.08683058422237411,0.09044260864163639
0.3987390591501815,0.09044260864163639,0.07119670128143626
0.43930131428564795,0.07119670128143626,0.07152651576899027
0.43923040082328724,0.07152651576899027,0.06582450901425593
0.425756924753039,0.06582450901425593,0.06635598460675365
0.445133052485985,0.06635598460675365,0.09646586360343581
0.346122506743695,0.09646586360343581,0.11838834708573837
0.35115956355627365,0.11838834708573837,0.12705062169300319
0.4856069341978888,0.12705062169300319,0.12921936042795212
0.40347596877364145,0.12921936042795212,0.1346359772954705
0.38818787128758653,0.1346359772954705,0.13556282211875856
0.41057471333808643,0.13556282211875856,0.13569024680194414
0.41813175953968973,0.13569024680194414,0.16085771870786064
0.33245085730393376,0.16085771870786064,0.15472079996437935
0.37780352887423857,0.15472079996437935,0.1801059863414433
0.3186869937542479,0.1801059863414433,0.16220405671866964
0.3833602068160477,0.16220405671866964,0.1632865952012605
0.4342919909198774,0.1632865952012605,0.17727882521116048
0.4930400821842966,0.17727882521116048,0.1774644486381949
0.43404496423387934,0.1774644486381949,0.2031256682229957
0.5152056143193328,0.2031256682229957,0.20093785114179383
0.425756924753039,0.20093785114179383,0.2065511793643319
0.46540965584749583,0.2065511793643319,0.20547230568475153
0.425756924753039,0.20547230568475153,0.20408181872074824
0.4099692858279348,0.20408181872074824,0.20408181872074824
0.425756924753039,0.20408181872074824,0.20205288152287978
0.425756924753039,0.20205288152287978,0.19087967647136136
0.425756924753039,0.19087967647136136,0.17947170872594956
0.425756924753039,0.17947170872594956,0.16763231935197956
0.425756924753039,0.16763231935197956,0.1672278268713959
0.425756924753039,0.1672278268713959,0.1646490356001045
0.425756924753039,0.1646490356001045,0.1692244608357589
0.37780352887423857,0.1692244608357589,0.1694402800828567
0.4095717520043573,0.1694402800828567,0.14935735889670737
0.44999667039543967,0.14935735889670737,0.14335236740653742
0.40962231042960057,0.14335236740653742,0.10192365582209742
0.425756924753039,0.10192365582209742,0.10816366666966157
0.36847658032591224,0.10816366666966157,0.10957564368045133
0.4091540668403821,0.10957564368045133,0.09667076647924297
0.4588560286890146,0.09667076647924297,0.10035870762288202
0.4584358918378846,0.10035870762288202,0.06475360670598476
0.4338620560720011,0.06475360670598476,0.07214262887225187
0.3849728263492312,0.07214262887225187,0.15900432764904707
0.5851527577844831,0.15900432764904707,0.16359294672063693
0.3868239130439492,0.16359294672063693,0.16446917410297432
0.4021116391430127,0.16446917410297432,0.1646365729159345
0.41782610742204057,0.1646365729159345,0.16881110654125087
0.4651669283220795,0.16881110654125087,0.17044881232929296
0.4021834899431718,0.17044881232929296,0.17112981029196536
0.4099203559938656,0.17112981029196536,0.171808818711921
0.4415934935122124,0.171808818711921,0.17318713421331414
0.4493303595629062,0.17318713421331414,0.1792264567388326
0.3783922931295266,0.1792264567388326,0.17303153611235353
0.425756924753039,0.17303153611235353,0.17242167924776733
0.4177772779691566,0.17242167924776733,0.17159774369229833
0.4416911995913932,0.17159774369229833,0.1715787046457206
0.40982264991468476,0.1715787046457206,0.1715787046457206
0.425756924753039,0.1715787046457206,0.16157723936917992
0.425756924753039,0.16157723936917992,0.16035453437586078
0.425756924753039,0.16035453437586078,0.15835903744606786
0.41775228014211707,0.15835903744606786,0.1558105354177274
0.433761569363961,0.1558105354177274,0.15570057775479162
0.425756924753039,0.15570057775479162,0.15053215700831826
0.41775228014211707,0.15053215700831826,0.04813940519141343
0.433761569363961,0.04813940519141343,0.04296720379097078
0.40166862104359113,0.04296720379097078,0.040354257795962085
0.4176768833233194,0.040354257795962085,0.04317439690781854
0.4013641818135364,0.04317439690781854,0.03113472819975973
0.43391343595073595,0.03113472819975973,0.03140950313791955
0.4012090580910363,0.03140950313791955,0.03337870794379614
0.40097263924887966,0.03337870794379614,0.042615406535492624
0.3754603814238002,0.042615406535492624,0.061497773458401496
0.34841957867376255,0.061497773458401496,0.06767476651776375
0.36395642182861254,0.06767476651776375,0.07838874507677296
0.4612529327386254,0.07838874507677296,0.0848594110278083
0.4520614196918795,0.0848594110278083,0.08585235568580957
0.3817655278977812,0.08585235568580957,0.08591491863787376
0.416867678782903,0.08591491863787376,0.08516527675910962
0.40788598077835536,0.08516527675910962,0.08661614451869498
0.43470800862868986,0.08661614451869498,0.09929634058517797
0.35326102819109606,0.09929634058517797,0.11771953904170784
0.48031921112624515,0.11771953904170784,0.11961725063310777
0.44369053494177585,0.11961725063310777,0.12074384164748378
0.4346767848520719,0.12074384164748378,0.12071292101146947
0.41683706465400616,0.12071292101146947,0.1195661797507871
0.3988097250868723,0.1195661797507871,0.12086293222855293
0.3893828941999561,0.12086293222855293,0.13542622764615994
0.3419851523781724,0.13542622764615994,0.13646997223610935
0.38763127590877283,0.13646997223610935,0.13399936941784524
0.39678759170816474,0.13399936941784524,0.14481447119915633
0.46431096608141664,0.14481447119915633,0.14694356278297319
0.4353058560582559,0.14694356278297319,0.1440383216365574
0.425756924753039,0.1440383216365574,0.13573182018335223
0.4541927396020021,0.13573182018335223,0.14642825928800318
0.500084891534488,0.14642825928800318,0.14314273387544843
0.3981348267106283,0.14314273387544843,0.14813785895941783
0.47163020281983176,0.14813785895941783,0.16708639852047655
0.5151210566262249,0.16708639852047655,0.16708130842230895
0.4169588510603068,0.16708130842230895,0.16754431866561958
0.4520614196918795,0.16754431866561958,0.17005558074292257
0.46041610967684077,0.17005558074292257,0.17272312498550116
0.3471063429739794,0.17272312498550116,0.1805901757777483
0.5044075065320986,0.1805901757777483,0.18542364020119256
0.4768862498580588,0.18542364020119256,0.1912769382878719
0.3832202324358125,0.1912769382878719,0.2037243943923492
0.3562006121026035,0.2037243943923492,0.20170355476206445
0.425756924753039,0.20170355476206445,0.2300731962358414
0.3085581408019066,0.2300731962358414,0.2270590328004948
0.35088810850478036,0.2270590328004948,0.23003452698937174
0.48211154204086504,0.23003452698937174,0.22759954167168564
0.43503057141735796,0.22759954167168564,0.2252035528236809
0.425756924753039,0.2252035528236809,0.2261674804381638
0.40717629841708564,0.2261674804381638,0.226237720289276
0.43506390442467335,0.226237720289276,0.2279667272322369
0.3883247026783196,0.2279667272322369,0.21519027677992533
0.425756924753039,0.21519027677992533,0.2144047762735312
0.4068345295399326,0.2144047762735312,0.2086599122751199
0.4162435051171826,0.2086599122751199,0.1865802747318148
0.4352703443888955,0.1865802747318148,0.18679455648749776
0.4066945738119655,0.18679455648749776,0.1843742590389072
0.4353058560582559,0.1843742590389072,0.17883332183302836
0.4066232851643182,0.17883332183302836,0.16905614977756014
0.44489056434175955,0.16905614977756014,0.1459772020602352
0.4066232851643182,0.1459772020602352,0.1384253025149078
0.4544039839776161,0.1384253025149078,0.13733509666419907
0.435235514372728,0.13733509666419907,0.12585272021673374
0.4162783351333501,0.12585272021673374,0.12585272021673374
0.425756924753039,0.12585272021673374,0.07751047431680122
0.4162435051171826,0.07751047431680122,0.06196037979846463
0.4729770133860191,0.06196037979846463,0.04373516553628911
0.425756924753039,0.04373516553628911,0.044877238484973735
0.40697265096902163,0.044877238484973735,0.050278032092951654
0.45388216715612373,0.050278032092951654,0.04879357830119891
0.43506390442467335,0.04879357830119891,0.05590865392995157
0.46265266945976835,0.05590865392995157,0.11161657754566395
0.550878657896715,0.11161657754566395,0.1158598423526262
0.3994524298141986,0.1158598423526262,0.1152801271467461
0.46076997968903266,0.1152801271467461,0.11707662464646648
0.46886403056630516,0.11707662464646648,0.14562654427084998
0.5345681621014868,0.14562654427084998,0.14699828256057668
0.4010519504835274,0.14699828256057668,0.17549030913141841
0.5469764579168607,0.17549030913141841,0.1740071820960542
0.4881459213702154,0.1740071820960542,0.1769530358690547
0.41804047402680344,0.1769530358690547,0.17136817050498457
0.4488372082413054,0.17136817050498457,0.17456303689531988
0.41808630376361977,0.17456303689531988,0.17681466747251112
0.41806371298042755,0.17681466747251112,0.18186743878163403
0.39475148832874474,0.18186743878163403,0.18104329947556602
0.43354341876634594,0.18104329947556602,0.17958254129771373
0.425756924753039,0.17958254129771373,0.18374584814106043
0.40232640472870096,0.18374584814106043,0.1876979303268605
0.4021116391430127,0.1876979303268605,0.192893367059052
0.3858581017679573,0.192893367059052,0.21550155006343594
0.3440539265216334,0.21550155006343594,0.21878041976672838
0.4007314364765986,0.21878041976672838,0.2176712327154293
0.425756924753039,0.2176712327154293,0.18528530525652945
0.4424675945976627,0.18528530525652945,0.20536569814034808
0.5318084722319901,0.20536569814034808,0.204318674899203
0.425756924753039,0.204318674899203,0.20540081894054782
0.3935885796138717,0.20540081894054782,0.17880282679328918
0.44189153907647744,0.17880282679328918,0.17681842463032055
0.425756924753039,0.17681842463032055,0.13652838954133972
0.4497703023526503,0.13652838954133972,0.12241596886981626
0.4177772779691566,0.12241596886981626,0.12283161668103945
0.40972319393731027,0.12283161668103945,0.11997038992426898
0.41770235185932,0.11997038992426898,0.12065471636979902
0.43381149764675775,0.12065471636979902,0.12990015716775746
0.47356149916629553,0.12990015716775746,0.12725762209790914
0.4178511733248639,0.12725762209790914,0.1297160272026127
0.3938871879727643,0.1297160272026127,0.13013406865544183
0.4096732656545132,0.13013406865544183,0.13780210961789785
0.3686577885975923,0.13780210961789785,0.14317738286225185
0.46667088815980384,0.14317738286225185,0.1484279919407327
0.48196467604952303,0.1484279919407327,0.12659488672252633
0.40982264991468476,0.12659488672252633,0.12408324611507096
0.41775228014211707,0.12408324611507096,0.12459623693362609
0.4177278385482322,0.12459623693362609,0.12414876361387339
0.4337860109578462,0.12414876361387339,0.09149941731317676
0.4734143004584178,0.09149941731317676,0.09490900964989502
0.4570450914622989,0.09490900964989502,0.08999514472039069
0.41797043073973195,0.08999514472039069,0.10304807312559652
0.3705821677465113,0.10304807312559652,0.10646954102244066
0.4574300090636134,0.10646954102244066,0.1078477962653362
0.4570450914622989,0.1078477962653362,0.10741199373037244
0.425756924753039,0.10741199373037244,0.10596666831363488
0.425756924753039,0.10596666831363488,0.10594178735610976
0.41797043073973195,0.10594178735610976,0.10593400902566238
0.43354341876634594,0.10593400902566238,0.10050202075220291
0.40232640472870096,0.10050202075220291,0.1232768577574771
0.34607820183449284,0.1232768577574771,0.13039435255632234
0.36847658032591224,0.13039435255632234,0.13397708311920892
0.4586445262406629,0.13397708311920892,0.12384016203397794
0.44204453637357927,0.12384016203397794,0.13596545479802205
0.3516370827408481,0.13596545479802205,0.12347484920344681
0.4173880258997847,0.12347484920344681,0.12487195509858379
0.4424675945976627,0.12487195509858379,0.12529537031906746
0.40904625490841506,0.12529537031906746,0.14919425109608916
0.33185708361811744,0.14919425109608916,0.15329634323881508
0.3730569679006277,0.15329634323881508,0.14249297997120372
0.425756924753039,0.14249297997120372,0.16633976649947155
0.5130001393198919,0.16633976649947155,0.1666835512028346
0.425756924753039,0.1666835512028346,0.16135975468589758
0.425756924753039,0.16135975468589758,0.15646422767235618
0.4085434463881302,0.15646422767235618,0.1535028516015413
0.44297040311794744,0.1535028516015413,0.1535028516015413
0.425756924753039,0.1535028516015413,0.15311159645332773
0.4085434463881302,0.15311159645332773,0.15560378764665753
0.44297040311794744,0.15560378764665753,0.1548868890518357
0.425756924753039,0.1548868890518357,0.15485635130402828
0.425756924753039,0.15485635130402828,0.13994714819812748
0.425756924753039,0.13994714819812748,0.1314905904652553
0.425756924753039,0.1314905904652553,0.12672541886375177
0.425756924753039,0.12672541886375177,0.129167317682621
0.382505107041444,0.129167317682621,0.11532197182735845
0.44314467403205293,0.11532197182735845,0.12312478970159613
0.3732364245976515,0.12312478970159613,0.21151330873569693
0.23300416085532455,0.21151330873569693,0.23692004908204103
0.298768783637978,0.23692004908204103,0.22691546475006893
0.43575085679382697,0.22691546475006893,0.23012817419480622
0.4653490006089666,0.23012817419480622,0.25727976143532943
0.5315948728203473,0.25727976143532943,0.23843733776441736
0.4068345295399326,0.23843733776441736,0.24012112619699003
0.4446793199661457,0.24012112619699003,0.28835957677389046
0.25022813448580716,0.28835957677389046,0.28902370614631384
0.425756924753039,0.28902370614631384,0.2909027561838448
0.3541263587489526,0.2909027561838448,0.37414715233417895
0.16382634023357862,0.37414715233417895,0.37544826832543754
0.425756924753039,0.37544826832543754,0.37996880674011946
0.3082288656961917,0.37996880674011946,0.3996720056308862
0.2516423946860442,0.3996720056308862,0.41063407763487086
0.26652553016793057,0.41063407763487086,0.42506506186645904
0.24135526641218882,0.42506506186645904,0.44801461768266077
0.5125101137773921,0.44801461768266077,0.4446786187510873
0.3971627588274558,0.4446786187510873,0.4901841211471068
0.5656517616758524,0.4901841211471068,0.5687140781723669
0.6598659226160984,0.5687140781723669,0.6325210200917621
0.6517450846371303,0.6325210200917621,0.6198204940223795
0.28535348997725835,0.6198204940223795,0.633475821497196
0.5661603595288196,0.633475821497196,0.644316878276107
0.5262506029021944,0.644316878276107,0.6457756061933388
0.4799362442165006,0.6457756061933388,0.6735647961408382
0.6317408651853551,0.6735647961408382,0.6832446647756726
0.532392156566844,0.6832446647756726,0.684021265090574
0.38748996624599064,0.684021265090574,0.6579834905797565
0.425756924753039,0.6579834905797565,0.6600717820854571
0.4829462784731935,0.6600717820854571,0.6669869604666873
0.5634061217537376,0.6669869604666873,0.597473059341251
0.3988097250868723,0.597473059341251,0.60615169747431
0.3524871494932265,0.60615169747431,0.5861058309991241
0.4534780031170751,0.5861058309991241,0.5421760527654913
0.4713056216488153,0.5421760527654913,0.4981154835335499
0.4437530405435546,0.4981154835335499,0.44367412635460585
0.3805286495661378,0.44367412635460585,0.4437336431623244
0.45225768920489373,0.4437336431623244,0.4569575794363115
0.34626246999487,0.4569575794363115,0.4807209683415688
0.30171237028422515,0.4807209683415688,0.4374873631170343
0.4044888540423692,0.4374873631170343,0.3844231593066858
0.4575934781746817,0.3844231593066858,0.346863513541683
0.425756924753039,0.346863513541683,0.3296769524363839
0.49854563822125847,0.3296769524363839,0.3322337886359805
0.3529682112848194,0.3322337886359805,0.32973185545750816
0.4467645674368513,0.32973185545750816,0.2628902455830545
0.4047492820692268,0.2628902455830545,0.2440089564497467
0.4676021060393225,0.2440089564497467,0.2568234219647853
0.517492775560129,0.2568234219647853,0.26064156408233063
0.38538869583118496,0.26064156408233063,0.25789386814384574
0.384745351053269,0.25789386814384574,0.21554644130171077
0.425756924753039,0.21554644130171077,0.21905271472827179
0.3735556952812893,0.21905271472827179,0.21074155826039734
0.3939203713313963,0.21074155826039734,0.20979323677427922
0.4470249954637089,0.20979323677427922,0.2031024220100114
0.425756924753039,0.2031024220100114,0.20224992000942146
0.43632540746401177,0.20224992000942146,0.19915952149695126
0.4151884420420662,0.19915952149695126,0.19634266112808146
0.4044888540423692,0.19634266112808146,0.1876406212912941
0.4575934781746817,0.1876406212912941,0.15445037238595735
0.47795815422478843,0.15445037238595735,0.15875279934059325
0.47692007694021454,0.15875279934059325,0.15687195528473905
0.425756924753039,0.15687195528473905,0.15686568217336003
0.43586861485195494,0.15686568217336003,0.1492496153908256
0.47572805358926107,0.1492496153908256,0.12969560745493594
0.425756924753039,0.12969560745493594,0.14294730131675518
0.365674105817901,0.14294730131675518,0.14158191075436838
0.4459407288011559,0.14158191075436838,0.13739153941028726
0.4357897711393707,0.13739153941028726,0.11005848470740717
0.41572407836670766,0.11005848470740717,0.10905211635352305
0.46565593964006025,0.10905211635352305,0.10117952561831958
0.425756924753039,0.10117952561831958,0.10804121090630672
0.4747759629254644,0.10804121090630672,0.11416295262903384
0.511704786338037,0.11416295262903384,0.11033711757344675
0.406903933512226,0.11033711757344675,0.11665045697519283
0.39721591015482033,0.11665045697519283,0.11618623626316368
0.44481939537316434,0.11618623626316368,0.1286556412693565
0.3778333470350682,0.1286556412693565,0.127508728261172
0.425756924753039,0.127508728261172,0.1253973197753624
0.41606417610491786,0.1253973197753624,0.12528082038360602
0.41602753050207575,0.12528082038360602,0.13036300865112535
0.4931026453700942,0.13036300865112535,0.12549872834049358
0.41624353484947546,0.12549872834049358,0.1253064708945087
0.43527031465660265,0.1253064708945087,0.12548915762729196
0.425756924753039,0.12548915762729196,0.12238801821424838
0.4634636045786833,0.12238801821424838,0.1328393106575678
0.490442382684818,0.1328393106575678,0.13843843527408592
0.5242302922347468,0.13843843527408592,0.14047852211108125
0.4169590732581099,0.14047852211108125,0.2860113901072559
0.7012965796449652,0.2860113901072559,0.28824400522330257
0.4018921070807746,0.28824400522330257,0.2880077598186693
0.44962174242530356,0.2880077598186693,0.29070590941080243
0.5037455370352001,0.29070590941080243,0.2935721665151053
0.5014512634175758,0.2935721665151053,0.2988663895946571
0.5352812140197701,0.2988663895946571,0.2980871276345974
0.41141998268792074,0.2980871276345974,0.29185968042985155
0.4400938668181572,0.29185968042985155,0.31571483006947243
0.5851315357500827,0.31571483006947243,0.3101653760408994
0.39873912618171903,0.3101653760408994,0.3084962084429439
0.4393012805939438,0.3084962084429439,0.3045279436217588
0.4459405906491898,0.3045279436217588,0.30524144501137596
0.41231893571162337,0.30524144501137596,0.3063932344695884
0.505353361070818,0.3063932344695884,0.3792426616242784
0.24307198292927865,0.3792426616242784,0.3782482006814585
0.45365337002449246,0.3782482006814585,0.3770108093852461
0.43959284189929076,0.3770108093852461,0.3786963483556125
0.5005510568827309,0.3786963483556125,0.38073331718049414
0.41904670158730367,0.38073331718049414,0.3753488542061516
0.45249374211012583,0.3753488542061516,0.37332988945912743
0.43902201595361523,0.37332988945912743,0.27951266537775526
0.40583396729309607,0.27951266537775526,0.2826568076885135
0.3854411252505207,0.2826568076885135,0.2864587768987607
0.3985246939696006,0.2864587768987607,0.28179829648302834
0.40514209497731896,0.28179829648302834,0.286712776732943
0.5205776510740823,0.286712776732943,0.26968409850278774
0.4190990584936725,0.26968409850278774,0.27871978199560615
0.5109989325688473,0.27871978199560615,0.27879781528988834
0.43219840302913287,0.27879781528988834,0.23676094027043457
0.39989317015922415,0.23676094027043457,0.2353275402164495
0.41272691259933025,0.2353275402164495,0.25356629432064903
0.33265140590614206,0.25356629432064903,0.2529752574620588
0.4121768309635961,0.2529752574620588,0.25312038032565576
0.4393370185424819,0.25312038032565576,0.24578715944813076
0.36407394704762874,0.24578715944813076,0.18142898609827277
0.3625593601367699,0.18142898609827277,0.17934375654085868
0.4114997044824724,0.17934375654085868,0.17873776214568524
0.41141998268792074,0.17873776214568524,0.18304756530223024
0.32309970497150153,0.18304756530223024,0.24690390233106466
0.2396450314144426,0.24690390233106466,0.299785957877173
0.5817699739409978,0.299785957877173,0.30456935492707476
0.4707741982772931,0.30456935492707476,0.3045154545265369
0.41083849537942224,0.3045154545265369,0.30344776202907275
0.40321585939062127,0.30344776202907275,0.30508831676213155
0.44829799011545657,0.30508831676213155,0.3055437284945158
0.3956580806024016,0.3055437284945158,0.2864393226412955
0.3799379579540946,0.2864393226412955,0.29217696282854283
0.34753139123533217,0.29217696282854283,0.27425031543046713
0.3532612079108494,0.27425031543046713,0.2782859476209252
0.3342846305221952,0.2782859476209252,0.3597176397636332
0.6213010605604661,0.3597176397636332,0.36098045097580056
0.3702416554829351,0.36098045097580056,0.3550841799738248
0.4337615177170004,0.3550841799738248,0.3556136492649338
0.425756924753039,0.3556136492649338,0.35453800934994284
0.425756924753039,0.35453800934994284,0.3521401434728396
0.3935885674491954,0.3521401434728396,0.35245419066431605
0.45792528205688254,0.35245419066431605,0.3565705643990503
0.46540981818990024,0.3565705643990503,0.35709470680672856
0.4336147076223206,0.35709470680672856,0.34907687369544577
0.48009967840132156,0.34907687369544577,0.29244582016380155
0.44107511397526966,0.29244582016380155,0.2513449680941864
0.46365763000077803,0.2513449680941864,0.2472219152851843
0.425756924753039,0.2472219152851843,0.2486403611892589
0.45568092574129854,0.2486403611892589,0.24943271659001973
0.39583292376477924,0.24943271659001973,0.2484846124653002
0.4182214310052642,0.2484846124653002,0.2468237704419747
0.41819914596481916,0.2468237704419747,0.24293346309383287
0.41057429539061185,0.24293346309383287,0.2291495837679189
0.4409395541154658,0.2291495837679189,0.21721113013141327
0.40294949204129493,0.21721113013141327,0.19265245370393425
0.44098416189909156,0.19265245370393425,0.0821806423770626
0.44843039285472563,0.0821806423770626,0.06600864447230742
0.4106636522170443,0.06600864447230742,0.068401757194752
0.41057429539061185,0.068401757194752,0.06859958379915879
0.4409395541154658,0.06859958379915879,0.08113712818116472
0.3799379579540946,0.08113712818116472,0.07720319806790985
0.456393262189556,0.07720319806790985,0.07451499920967261
0.4409395541154658,0.07451499920967261,0.06937091216849586
0.44085019728903363,0.06937091216849586,0.07219132154288246
0.45568092574129854,0.07219132154288246,0.07819672444064638
0.4918400110451599,0.07819672444064638,0.08003605085587828
0.4545910840517897,0.08003605085587828,0.0931020912060406
0.3677618668409347,0.0931020912060406,0.09356451707456095
0.44037838040857336,0.09356451707456095,0.09113807610393773
0.4402963677108578,0.09113807610393773,0.08656165533141558
0.4402140936719256,0.08656165533141558,0.10263653832537001
0.49685074163045284,0.10263653832537001,0.10156574420267137
0.43974323288899236,0.10156574420267137,0.11715327629961561
0.508113445268332,0.11715327629961561,0.11736561826476752
0.4325026016077741,0.11736561826476752,0.11216682205132239
0.4458879589311677,0.11216682205132239,0.11219472500650371
0.43909047380767774,0.11219472500650371,0.11208880995001175
0.4456291430029403,0.11208880995001175,0.11620758724825872
0.4909103263356732,0.11620758724825872,0.16182094740445463
0.5757076631255447,0.16182094740445463,0.17249978821739217
0.3890802069712735,0.17249978821739217,0.16544929078977139
0.40101229156973683,0.16544929078977139,0.17220449732620174
0.4007720488712344,0.17220449732620174,0.1734881003246439
0.425756924753039,0.1734881003246439,0.17710775810278426
0.48777034520971024,0.17710775810278426,0.18050338437796007
0.4134730133614745,0.18050338437796007,0.17603697424786377
0.46243364253480423,0.17603697424786377,0.17611639475256832
0.4378671674504044,0.17611639475256832,0.16814229926486857
0.38925387566547304,0.16814229926486857,0.16850867254154442
0.46225997384060497,0.16850867254154442,0.1775111259289244
0.38925387566547304,0.1775111259289244,0.1785019219392504
0.425756924753039,0.1785019219392504,0.17194463294964948
0.425756924753039,0.17194463294964948,0.231192112820674
0.28082545433332545,0.231192112820674,0.23354602406808658
0.3467712943032736,0.23354602406808658,0.24186065624582678
0.49174571306924725,0.24186065624582678,0.24132725748307007
0.425756924753039,0.24132725748307007,0.24853407700548122
0.3664438192321024,0.24853407700548122,0.25619890285495306
0.4915766562511263,0.25619890285495306,0.2478558133342266
0.425756924753039,0.2478558133342266,0.19802248684448157
0.3798601507148947,0.19802248684448157,0.19686728037498405
0.4323640518023642,0.19686728037498405,0.20273555808553426
0.47153678789826414,0.20273555808553426,0.23472038765758416
0.546062161480664,0.23472038765758416,0.24642251397055923
0.3504316262323224,0.24642251397055923,0.24665881143287502
0.488679912390977,0.24665881143287502,0.24750811186619612
0.4007720488712344,0.24750811186619612,0.24841101145349723
0.3750474619703069,0.24841101145349723,0.25039722579941415
0.3805514954391721,0.25039722579941415,0.25844921835202395
0.3463648681343819,0.25844921835202395,0.2551266381789491
0.4391601930554874,0.2551266381789491,0.2576071587145827
0.4589626920575791,0.2576071587145827,0.2584770751092966
0.3925511574484991,0.2584770751092966,0.28640432916703923
0.2884752239772139,0.28640432916703923,0.2549465721841324
0.4327976104060136,0.2549465721841324,0.25482315511182485
0.3472274143954795,0.25482315511182485,0.2606176629109512
0.3146565649366636,0.2606176629109512,0.265832653704291
0.46332564148360067,0.265832653704291,0.2808081337661018
0.5137457367577389,0.2808081337661018,0.27117908269546726
0.440133915132903,0.27117908269546726,0.28508604728947157
0.5034245265054507,0.28508604728947157,0.2827846288324201
0.4048061494981771,0.2827846288324201,0.28324305005063977
0.43974323288899236,0.28324305005063977,0.28037752876582767
0.4535029790347911,0.28037752876582767,0.25507671119718467
0.34872344299051816,0.25507671119718467,0.2495154722880745
0.4399355925269503,0.2495154722880745,0.24116235856238824
0.4538820321564774,0.24116235856238824,0.24177673260770002
0.43274057705645813,0.24177673260770002,0.23891817426430714
0.425756924753039,0.23891817426430714,0.23766257401131916
0.3906481650461815,0.23766257401131916,0.22791622555208754
0.397321036708561,0.22791622555208754,0.22692078674660146
0.41859843787087203,0.22692078674660146,0.2364384977206163
0.4964600593865413,0.2364384977206163,0.2400546428517981
0.36935061475496955,0.2400546428517981,0.20543576869180782
0.4681769266151555,0.20543576869180782,0.20575112906049223
0.43974323288899236,0.20575112906049223,0.19001813648059604
0.4187732724496198,0.19001813648059604,0.15230779203263003
0.425756924753039,0.15230779203263003,0.15706374492277292
0.3834531495756892,0.15706374492277292,0.13660486468002137
0.44699588300613935,0.13660486468002137,0.1362193822536318
0.4327976104060136,0.1362193822536318,0.11987606443484106
0.3903583983296635,0.11987606443484106,0.12052656371488768
0.4470544750442509,0.12052656371488768,0.12207360977287743
0.397321036708561,0.12207360977287743,0.11859599514354072
0.41859843787087203,0.11859599514354072,0.1028697562540278
0.46135129967968413,0.1028697562540278,0.10505829136914782
0.4538820321564774,0.10505829136914782,0.10285347240092765
0.4117327934817642,0.10285347240092765,0.10573241884324772
0.453729175446642,0.10573241884324772,0.10640135283205274
0.4396298518663534,0.10640135283205274,0.10109287970426581
0.425756924753039,0.10109287970426581,0.11872648369730457
0.5074597169322596,0.11872648369730457,0.12213671093748985
0.39880985318250567,0.12213671093748985,0.16347494736380877
0.29375749991405886,0.16347494736380877,0.15604839276178364
0.4470544750442509,0.15604839276178364,0.15978105759982902
0.48170307869212003,0.15978105759982902,0.1599304226205262
0.4118839976397245,0.1599304226205262,0.1706607327329821
0.36238614763606036,0.1706607327329821,0.2484658187954408
0.611371243710384,0.2484658187954408,0.2443621670124775
0.4124578301371922,0.2443621670124775,0.24528166783461472
0.45887694706655396,0.24528166783461472,0.24528473059729558
0.4323302989123931,0.24528473059729558,0.2416370829493756
0.4518832597782574,0.2416370829493756,0.24143180788369487
0.43872129431065177,0.24143180788369487,0.253195097364141
0.5271856971966791,0.253195097364141,0.26420628459425305
0.36283393711510104,0.26420628459425305,0.26455830270478625
0.41298557372644024,0.26455830270478625,0.2640519484156986
0.43852827577963743,0.2640519484156986,0.26274989229961654
0.43846520717986553,0.26274989229961654,0.2648313001517196
0.40027729129961376,0.2648313001517196,0.26523923767488317
0.45123655820646413,0.26523923767488317,0.26523923767488317
0.425756924753039,0.26523923767488317,0.25510801132382066
0.425756924753039,0.25510801132382066,0.2528822610162376
0.425756924753039,0.2528822610162376,0.20939221500332897
0.425756924753039,0.20939221500332897,0.21051080983024859
0.46350976908063973,0.21051080983024859,0.23160647478355165
0.5477428799555046,0.23160647478355165,0.22930888152801646
0.4494752666181509,0.22930888152801646,0.23497560020421845
0.5524388442561528,0.23497560020421845,0.1793413248873806
0.4031829049009488,0.1793413248873806,0.21287418243068182
0.3216490251020154,0.21287418243068182,0.21740260708471829
0.39009692870525087,0.21740260708471829,0.2220695469832669
0.48491865398167494,0.2220695469832669,0.2239906528710879
0.4721261419584856,0.2239906528710879,0.2247320377423849
0.4599938740177681,0.2247320377423849,0.20783484272444783
0.425756924753039,0.20783484272444783,0.19649709465831114
0.4081064033327931,0.19649709465831114,0.2356879469627259
0.3026030265457039,0.2356879469627259,0.23738737908218296
0.46332589384107997,0.23738737908218296,0.24752335508573356
0.36283385537599155,0.24752335508573356,0.2535821528429002
0.36778011113747205,0.2535821528429002,0.2531455550797679
0.4452278523337497,0.2531455550797679,0.25661400086282377
0.3866663707555744,0.25661400086282377,0.2576700752212294
0.45188324299382215,0.2576700752212294,0.259938559820344
0.4644558278255042,0.259938559820344,0.2616686966649552
0.4000222574372555,0.2616686966649552,0.2593614654190669
0.425756924753039,0.2593614654190669,0.2613324448486922
0.551930497137316,0.2613324448486922,0.2709208686818003
0.35079763594969116,0.2709208686818003,0.23814029106765996
0.3874421435604958,0.23814029106765996,0.2379958427693856
0.4063834682795387,0.2379958427693856,0.21808848644925158
0.4127599512574421,0.21808848644925158,0.21622152703567207
0.4322636165770682,0.21622152703567207,0.20670565608422534
0.41925023292900976,0.20670565608422534,0.2036444222603712
0.4581273547221357,0.2036444222603712,0.19930602913039885
0.41931538124896106,0.19930602913039885,0.19966850094338917
0.39982803828801994,0.19966850094338917,0.2007870728414808
0.4387538982486357,0.2007870728414808,0.1690936599455741
0.38656689787578924,0.1690936599455741,0.17102859252668076
0.3658301369832129,0.17102859252668076,0.16585320469315376
0.3850157834378322,0.16585320469315376,0.1591559109312059
0.4325919755339675,0.1591559109312059,0.1633917271969749
0.46639084929359437,0.1633917271969749,0.16144021247210086
0.398739143369066,0.16144021247210086,0.1588699341850472
0.4121407815964566,0.1588699341850472,0.16128020511445643
0.4731011402350852,0.16128020511445643,0.16236295781794355
0.3920288524275749,0.16236295781794355,0.1641491870799394
0.44604687213073524,0.1641491870799394,0.10600537306967792
0.425756924753039,0.10600537306967792,0.08878745402611538
0.425756924753039,0.08878745402611538,0.08440336059355957
0.4190111934409369,0.08440336059355957,0.08986261623271433
0.4593093568688982,0.08986261623271433,0.09468619958657346
0.4588770117191083,0.09468619958657346,0.09452135806967088
0.4191669201653594,0.09452135806967088,0.09685732502911354
0.39922684237464956,0.09685732502911354,0.0924126204004142
0.4056780579555588,0.0924126204004142,0.09330314794159891
0.405520161979543,0.09330314794159891,0.0987732792823165
0.37790968827302496,0.0987732792823165,0.09707200555740303
0.4188484774874272,0.09707200555740303,0.0944617105357321
0.4395553229596461,0.0944617105357321,0.08323097635629875
0.4463170485249985,0.08323097635629875,0.07578751963185973
0.425756924753039,0.07578751963185973,0.07888701547749202
0.45291728397521575,0.07888701547749202,0.0729005330136702
0.40541351040066875,0.0729005330136702,0.07046920524125547
0.4393371416502923,0.07046920524125547,0.06973981626646217
0.418975906142562,0.06973981626646217,0.05841418689463861
0.4121407815964566,0.05841418689463861,0.05363080498275161
0.43937306790962116,0.05363080498275161,0.07053838565345069
0.4861528021389439,0.07053838565345069,0.07497570285618904
0.45870763411636567,0.07497570285618904,0.07495280765675902
0.43229668774322416,0.07495280765675902,0.07577676529089725
0.41266073712604334,0.07577676529089725,0.07262392089527492
0.44537655116979286,0.07262392089527492,0.06811295478207513
0.41923348596328097,0.06811295478207513,0.08453400466117234
0.36629148646622645,0.08453400466117234,0.08180130683148981
0.43243266148188797,0.08180130683148981,0.0940407111117206
0.4850700651007608,0.0940407111117206,0.09159666142308381
0.425756924753039,0.09159666142308381,0.08145329898350043
0.4581273547221357,0.08145329898350043,0.0839315658905225
0.46407170594558234,0.0839315658905225,0.10590701646325201
0.3615784054154282,0.10590701646325201,0.10656174354754938
0.4516206628981069,0.10656174354754938,0.10752711179722335
0.4513633083995089,0.10752711179722335,0.10622310964498669
0.43846532229911206,0.10622310964498669,0.10395697830276993
0.4509867372294476,0.10395697830276993,0.10425764859450648
0.425756924753039,0.10425764859450648,0.2391212408122004
0.66531816832389,0.2391212408122004,0.2484192809922878
0.526688623359681,0.2484192809922878,0.2645347147099412
0.3589106509163782,0.2645347147099412,0.2841288413293601
0.33383928643205124,0.2841288413293601,0.2909389730748684
0.50636291711842,0.2909389730748684,0.3082227628635847
0.547532968103098,0.3082227628635847,0.30690413874513306
0.425756924753039,0.30690413874513306,0.3077938034296502
0.425756924753039,0.3077938034296502,0.3161280757171866
0.37111760637736807,0.3161280757171866,0.30554037927786853
0.46956087861621243,0.30554037927786853,0.3086364174991213
0.4039481486982668,0.3086364174991213,0.31134501683716886
0.3926933639663144,0.31134501683716886,0.42024498567607227
0.7288624595347297,0.42024498567607227,0.4308708811101446
0.36590705140032975,0.4308708811101446,0.43500288076443616
0.3953017925384708,0.43500288076443616,0.4528653258224144
0.3001991207133694,0.4528653258224144,0.4640046736336803
0.34958258255661917,0.4640046736336803,0.4708603524176574
0.523287781551963,0.4708603524176574,0.470755097432169
0.4469374573951121,0.470755097432169,0.4739622477771969
0.3939202891143371,0.4739622477771969,0.4765502359891474
0.39352148932641434,0.4765502359891474,0.42084914721001493
0.3600492233990445,0.42084914721001493,0.4087220479740136
0.44784650254924185,0.4087220479740136,0.40541229725386957
0.38138629811662506,0.40541229725386957,0.3998244793250151
0.5029103104347471,0.3998244793250151,0.394429056137081
0.46882772469216094,0.394429056137081,0.3868646708336476
0.5201088674992175,0.3868646708336476,0.39727897552175806
0.3420610850034892,0.39727897552175806,0.40051427284791513
0.47838504026456435,0.40051427284791513,0.4151024767316698
0.30852072668130487,0.4151024767316698,0.43925556219843903
0.5740608470627976,0.43925556219843903,0.43840430141505404
0.4462623744406544,0.43840430141505404,0.515143875070198
0.7060688771047876,0.515143875070198,0.4217409239203669
0.3981348870533977,0.4217409239203669,0.4196880819045268
0.37905101166300104,0.4196880819045268,0.4248742127495402
0.35891099125953874,0.4248742127495402,0.4033942281384591
0.3965685766341098,0.4033942281384591,0.39655351484043155
0.38631657299356714,0.39655351484043155,0.38946055101293503
0.38570268877743913,0.38946055101293503,0.3908416666541799
0.3953017925384708,0.3908416666541799,0.4004490174203365
0.5259030326648907,0.4004490174203365,0.39811596643789743
0.425756924753039,0.39811596643789743,0.39354812354660573
0.3861650657861325,0.39354812354660573,0.4099413392573621
0.3240270725186503,0.4099413392573621,0.4096465688450031
0.4872760745721535,0.4096465688450031,0.4069305567198718
0.3849079285357523,0.4069305567198718,0.4077616458548973
0.38424924632612817,0.4077616458548973,0.4073128052025697
0.5182251850821334,0.4073128052025697,0.39936959129091165
0.47572810978299646,0.39936959129091165,0.3967256866252461
0.425756924753039,0.3967256866252461,0.4041239142456582
0.5887470161489516,0.4041239142456582,0.38084509200671673
0.45347814470427805,0.38084509200671673,0.3810246057577485
0.425756924753039,0.3810246057577485,0.26192548296675217
0.3887284791726577,0.26192548296675217,0.2645036771529455
0.3787094509314793,0.2645036771529455,0.29745387701343434
0.2792225532968303,0.29745387701343434,0.2921376375824769
0.4457838359644558,0.2921376375824769,0.29103910329634775
0.41576275637647186,0.29103910329634775,0.29453265923264804
0.364964642645884,0.29453265923264804,0.2938989199484808
0.45633267282148676,0.2938989199484808,0.298713287264611
0.3642377749339246,0.298713287264611,0.2833668730344595
0.4669325280424824,0.2833668730344595,0.28446319900119704
0.3949372517815477,0.28446319900119704,0.28281243855903154
0.4050034237988902,0.28281243855903154,0.2978622091900562
0.28661914726046894,0.2978622091900562,0.2900925722840301
0.39255093649583306,0.2900925722840301,0.29345490812924513
0.4699368960007663,0.29345490812924513,0.2974414695850837
0.3591990285364214,0.2974414695850837,0.282219474094233
0.45925126018293183,0.282219474094233,0.27732562447302395
0.44784650254924185,0.27732562447302395,0.2807327878099346
0.4585396837983329,0.2807327878099346,0.21668887645756388
0.4039481486982668,0.21668887645756388,0.2237876062871703
0.47993608914105756,0.2237876062871703,0.22297197784775305
0.4042219009322902,0.22297197784775305,0.22355750402367972
0.38213880119524746,0.22355750402367972,0.2274474874840651
0.4585396837983329,0.2274474874840651,0.18627635322826191
0.4039481486982668,0.18627635322826191,0.18506416508031703
0.436684521183353,0.18506416508031703,0.18622977693201134
0.39283415051432397,0.18622977693201134,0.18120185316700632
0.3924074929345042,0.18120185316700632,0.20120077340745454
0.31136363923180443,0.20120077340745454,0.202111642278315
0.46061179576572525,0.202111642278315,0.19470797285838368
0.4141910835601367,0.19470797285838368,0.19427582165794496
0.40246789493325535,0.19427582165794496,0.1947138035265303
0.425756924753039,0.1947138035265303,0.15125487769851917
0.4022552071257899,0.15125487769851917,0.16140538881197358
0.4841135133929742,0.16140538881197358,0.15440775136976378
0.425756924753039,0.15440775136976378,0.1557211884088764
0.3555683832923042,0.1557211884088764,0.15508410771919745
0.3778779579300001,0.15508410771919745,0.17605131417859088
0.5089695620241261,0.17605131417859088,0.17424003602793914
0.4490459545728227,0.17424003602793914,0.18032451541316047
0.36713422448520655,0.18032451541316047,0.19650306580614454
0.5189228087520944,0.19650306580614454,0.1995216430146566
0.3795954581780163,0.1995216430146566,0.19661932105104782
0.425756924753039,0.19661932105104782,0.19699810770402393
0.46045536470853105,0.19699810770402393,0.19709376118698166
0.40267676764134663,0.19709376118698166,0.19641950364575625
0.425756924753039,0.19641950364575625,0.1985716854729185
0.37896617730600635,0.1985716854729185,0.1970687416476329
0.425756924753039,0.1970687416476329,0.16675973356548718
0.40203836741928073,0.16675973356548718,0.16288866074833572
0.4138153937189098,0.16288866074833572,0.1634315316234994
0.43769845578716843,0.1634315316234994,0.22524146326705294
0.587370485235281,0.22524146326705294,0.24398256157508816
0.3346526690515881,0.24398256157508816,0.25418875963859455
0.5056478938648076,0.25418875963859455,0.24858584588320856
0.4369702113427209,0.24858584588320856,0.24858584588320856
0.425756924753039,0.24858584588320856,0.23751225493256903
0.41454363816335693,0.23751225493256903,0.2347172119352621
0.39182111051739593,0.2347172119352621,0.226748642283047
0.37980176987691305,0.226748642283047,0.22808817228735093
0.4603001084842617,0.22808817228735093,0.22043476919200053
0.4485307035674136,0.22043476919200053,0.20295955313308686
0.4483309313192105,0.20295955313308686,0.19765964521147752
0.4144945641424744,0.19765964521147752,0.20142134511021528
0.47051362079349673,0.20142134511021528,0.2145518100258336
0.5129996499277824,0.2145518100258336,0.23978636126224037
0.5513147287927088,0.23978636126224037,0.26350962825931945
0.5552023443295504,0.26350962825931945,0.2608184665187718
0.5117048229857318,0.2608184665187718,0.30563414087956886
0.2907899241883609,0.30563414087956886,0.31323034860822296
0.3656741540381838,0.31323034860822296,0.31202922420608187
0.4659676271683133,0.31202922420608187,0.31623995425197626
0.3956578080226618,0.31623995425197626,0.28110667482897855
0.4156453390681418,0.28110667482897855,0.35426681856323866
0.6857253305751168,0.35426681856323866,0.350616389782303
0.43489883513872757,0.350616389782303,0.3596748446072221
0.37041224502689835,0.3596748446072221,0.36040650901762816
0.41641609742662017,0.36040650901762816,0.35944817090139364
0.47212619765983904,0.35944817090139364,0.3542603422335855
0.4440731588987987,0.3542603422335855,0.35072989379209596
0.3982333640159465,0.35072989379209596,0.3566092410647667
0.3885949784375718,0.3566092410647667,0.3582294030604779
0.41638188687736516,0.3582294030604779,0.36190943198160386
0.3974253161335719,0.36190943198160386,0.36714266045838445
0.37783328363187135,0.36714266045838445,0.37050218321296763
0.38676496459632137,0.37050218321296763,0.36563802108135307
0.48402571716009885,0.36563802108135307,0.3484334869717407
0.4733260259961964,0.3484334869717407,0.3254824222759804
0.4445412788758471,0.3254824222759804,0.314203806989616
0.425756924753039,0.314203806989616,0.28147406265228964
0.41638188687736516,0.28147406265228964,0.2744081034976786
0.4069039459876088,0.2744081034976786,0.2725193384191778
0.425756924753039,0.2725193384191778,0.27002097850966245
0.425756924753039,0.27002097850966245,0.2699789575287828
0.4162782948990019,0.2699789575287828,0.09980054413692852
0.4162434384378535,0.09980054413692852,0.10334597203558582
0.45419270344055696,0.10334597203558582,0.09235690038078045
0.41631326223474335,0.09235690038078045,0.09334130324717277
0.4067648085838166,0.09334130324717277,0.08494425344003251
0.4447490409222615,0.08494425344003251,0.11290346828174802
0.5095285380610135,0.11290346828174802,0.11777882325298408
0.37955415541258697,0.11777882325298408,0.11750900642119602
0.46278537033342004,0.11750900642119602,0.15672179155443874
0.5425465501076315,0.15672179155443874,0.1607701317865487
0.3814627998071805,0.1607701317865487,0.15466581833412812
0.47005104969889766,0.15466581833412812,0.16831359594680376
0.5290518696821268,0.16831359594680376,0.16447143578601253
0.425756924753039,0.16447143578601253,0.18698681619630766
0.33996830677426665,0.18698681619630766,0.18675786501841607
0.43446571512136006,0.18675786501841607,0.1873378126867728
0.4170481343847181,0.1873378126867728,0.18662907750649219
0.44314513322307514,0.18662907750649219,0.18956724322125607
0.3908623893326872,0.18956724322125607,0.2044510828285527
0.35451565843777755,0.2044510828285527,0.20683815889914978
0.39852479985946726,0.20683815889914978,0.21166959455773612
0.4799361910160138,0.21166959455773612,0.21258864488343468
0.46125310919156737,0.21258864488343468,0.22856194603688199
0.3451908468168251,0.22856194603688199,0.240625336574209
0.35196204493519023,0.240625336574209,0.24351997557031055
0.47212619765983904,0.24351997557031055,0.26097077825144793
0.3321675190359127,0.26097077825144793,0.25335328394144335
0.48231788488978433,0.25335328394144335,0.24947379095874975
0.43506415038218105,0.24947379095874975,0.24665078396272408
0.425756924753039,0.24665078396272408,0.22143864354841988
0.4717943788500379,0.22143864354841988,0.21870573632476317
0.4439437146797369,0.21870573632476317,0.21597586831733298
0.3892539006805815,0.21597586831733298,0.18725350134930396
0.4349312485131099,0.18725350134930396,0.18725350134930396
0.425756924753039,0.18725350134930396,0.17211783565222263
0.43489883513872757,0.17211783565222263,0.17441121221331773
0.4529890496466106,0.17441121221331773,0.17482479088497774
0.43477075227432627,0.17482479088497774,0.17405313293453015
0.4347392900804512,0.17405313293453015,0.1714925653960496
0.4167745594256267,0.1714925653960496,0.16121462975176276
0.46149944567710643,0.16121462975176276,0.16005749090136978
0.45224184262294553,0.16005749090136978,0.15369049450738148
0.4081306907147299,0.15369049450738148,0.150282187655411
0.43458521828401764,0.150282187655411,0.1389719622954522
0.3723274264663953,0.1389719622954522,0.1431874683853208
0.34347351824118116,0.1431874683853208,0.13890308816187277
0.45347814470427805,0.13890308816187277,0.1089518053044849
0.4073092108134684,0.1089518053044849,0.10014792152804314
0.4533789624526805,0.10014792152804314,0.10039774690086337
0.41658260099296834,0.10039774690086337,0.10062063001209076
0.4349312485131099,0.10062063001209076,0.09525549558883437
0.45308562506542577,0.09525549558883437,0.09427333338126828
0.43480225971991293,0.09427333338126828,0.0882127598569589
0.425756924753039,0.0882127598569589,0.08820310869550985
0.43477075227432627,0.08820310869550985,0.08836796633310237
0.4347392900804512,0.08836796633310237,0.08819354773759419
0.425756924753039,0.08819354773759419,0.0857089779287146
0.4167745594256267,0.0857089779287146,0.09739340652441378
0.3711947381924205,0.09739340652441378,0.09772369265106265
0.4073092108134684,0.09772369265106265,0.09987565333545675
0.39783536578580947,0.09987565333545675,0.10370532445121952
0.47212619765983904,0.10370532445121952,0.10898607659311493
0.3700126139705651,0.10898607659311493,0.11317594244248491
0.4537800155842739,0.11317594244248491,0.11322528825892392
0.4350304307647078,0.11322528825892392,0.10436107090295438
0.425756924753039,0.10436107090295438,0.08232961538178823
0.4625208728383691,0.08232961538178823,0.08271867362056437
0.3982333640159465,0.08271867362056437,0.08719634587661104
0.3885949784375718,0.08719634587661104,0.09524876335044546
0.3689878197065579,0.09524876335044546,0.09528986573292006
0.425756924753039,0.09528986573292006,0.09896965691798743
0.4542980131584164,0.09896965691798743,0.10192437619247863
0.46332576872056186,0.10192437619247863,0.10195057237270774
0.43506415038218105,0.10195057237270774,0.11439043700948981
0.4809037516153266,0.11439043700948981,0.11533234316031893
0.44387967688132157,0.11533234316031893,0.11499746806056921
0.425756924753039,0.11499746806056921,0.1196091633981875
0.46162416199600054,0.1196091633981875,0.1253217782185043
0.46989908860867274,0.1253217782185043,0.1141947348709455
0.45188332539005677,0.1141947348709455,0.11270884650958732
0.4516205771030322,0.11270884650958732,0.1101507455704297
0.4085433480397917,0.1101507455704297,0.10481779400653746
0.43437818928599414,0.10481779400653746,0.08741918956096903
0.44291279000899425,0.08741918956096903,0.08937990879666938
0.40860105949708364,0.08937990879666938,0.08938234990989782
0.43434923693333094,0.08938234990989782,0.08920703172855113
0.4428559594408288,0.08920703172855113,0.09356611015217983
0.3914443133520019,0.09356611015217983,0.08861032648362557
0.425756924753039,0.08861032648362557,0.0789924126859112
0.43437818928599414,0.0789924126859112,0.0549268160493307
0.43434923693333094,0.0549268160493307,0.05662810834888302
0.41716461257274673,0.05662810834888302,0.05525350338462549
0.43434923693333094,0.05525350338462549,0.053352429480451206
0.41716461257274673,0.053352429480451206,0.05521676175581982
0.41713566022008364,0.05521676175581982,0.04300496576860168
0.41710684911629287,0.04300496576860168,0.0696085969489319
0.5025808944951133,0.0696085969489319,0.0696085969489319
0.425756924753039,0.0696085969489319,0.06566614972658066
0.43415316492403244,0.06566614972658066,0.06005066770840901
0.4507823597609448,0.06005066770840901,0.06039543277841281
0.4091002625818417,0.06039543277841281,0.057879353496194656
0.43409873223613,0.057879353496194656,0.055386490887679
0.4340717794411449,0.055386490887679,0.0553727350201294
0.4340448396042116,0.0553727350201294,0.0545561463104064
0.425756924753039,0.0545561463104064,0.051966617111856524
0.425756924753039,0.051966617111856524,0.05281079123385691
0.41746900990186653,0.05281079123385691,0.05252004334401874
0.41744207006493295,0.05252004334401874,0.043804571933688176
0.425756924753039,0.043804571933688176,0.043804571933688176
0.425756924753039,0.043804571933688176,0.04379641545369454
0.425756924753039,0.04379641545369454,0.043744814908998904
0.425756924753039,0.043744814908998904,0.04284718970131978
0.425756924753039,0.04284718970131978,0.04279506075436534
0.425756924753039,0.04279506075436534,0.041880335946098864
0.4340717794411449,0.041880335946098864,0.04182869158994774
0.41744207006493295,0.04182869158994774,0.04071052158205462
0.4340717794411449,0.04071052158205462,0.0008608077778400267
0.4007314897451334,0.0008608077778400267,0.001564408329803639
0.4341256975897472,0.001564408329803639,0.0008556297954368519
0.425756924753039,0.0008556297954368519,0.0
0.40056835151199893,0.0,0.03592064734113771
0.35735651524430273,0.03592064734113771,0.053902985522592504
0.36437747146278093,0.053902985522592504,0.1373825289815706
0.2702985902387442,0.1373825289815706,0.2535951765743518
0.6339152944558766,0.2535951765743518,0.25808769309497526
0.46886354828041077,0.25808769309497526,0.25808769309497526
0.425756924753039,0.25808769309497526,0.25807684842354284
0.425756924753039,0.25807684842354284,0.2580527395661698
0.425756924753039,0.2580527395661698,0.2659896025540276
0.3564351839070306,0.2659896025540276,0.26697459105513266
0.4432632517033547,0.26697459105513266,0.2698700045076877
0.4604164733927766,0.2698700045076877,0.27256447201728473
0.38235918394631985,0.27256447201728473,0.2731986737007582
0.39936255593139613,0.2731986737007582,0.273270856733829
0.4080091297190483,0.273270856733829,0.27288343837598256
0.425756924753039,0.27288343837598256,0.27301433901613487
0.425756924753039,0.27301433901613487,0.27375543928740936
0.38988968751007747,0.27375543928740936,0.2739429085882212
0.43477075227432627,0.2739429085882212,0.27353793230633267
0.425756924753039,0.27353793230633267,0.27353793230633267
0.425756924753039,0.27353793230633267,0.2735587971346627
0.4347392900804512,0.2735587971346627,0.26628524805520476
0.425756924753039,0.26628524805520476,0.2622171046836093
0.4613757641812916,0.2622171046836093,0.2114154472601895
0.4695982761099848,0.2114154472601895,0.11144367218898055
0.34629673396784066,0.11144367218898055,0.12793886255916162
0.5052171155382371,0.12793886255916162,0.13135606936773941
0.39074386692707214,0.13135606936773941,0.13181564154620537
0.43455486526036946,0.13181564154620537,0.13240672978462228
0.4081306907147299,0.13240672978462228,0.1214748993843853
0.46088948574166344,0.1214748993843853,0.12070679334178891
0.41701873258605726,0.12070679334178891,0.11625663830156485
0.41698878996970523,0.11625663830156485,0.11004106653961149
0.41695898424570876,0.11004106653961149,0.2909577120368217
0.7092026416748869,0.2909577120368217,0.29956506732563987
0.361817724596777,0.29956506732563987,0.30259426643698484
0.3931815486674326,0.30259426643698484,0.30246165626979093
0.4420961563773853,0.30246165626979093,0.2997284644101635
0.46615689632580476,0.2997284644101635,0.3000328693624864
0.425756924753039,0.3000328693624864,0.3005267709455291
0.4177274475795272,0.3005267709455291,0.3005267709455291
0.425756924753039,0.3005267709455291,0.3015762285087799
0.4656557919673532,0.3015762285087799,0.30126678224050324
0.4336629077569928,0.30126678224050324,0.3010066737999251
0.45714079325426726,0.3010066737999251,0.3021612734576724
0.4797738000366485,0.3021612734576724,0.3182657308555434
0.5884990507739984,0.3182657308555434,0.34387738049672684
0.5922898988723788,0.34387738049672684,0.34118972676364706
0.405520161979543,0.34118972676364706,0.35525775018982186
0.357128188323762,0.35525775018982186,0.3653338446613749
0.5546244495771722,0.3653338446613749,0.3823020510877801
0.5735848023648671,0.3823020510877801,0.3849029428105273
0.40064994256962644,0.3849029428105273,0.3845798907484661
0.41944184093261816,0.3845798907484661,0.389670089938147
0.38753698455214936,0.389670089938147,0.29384544592177286
0.4385601616368805,0.29384544592177286,0.2854488559086406
0.39362872556664497,0.2854488559086406,0.27961015493803304
0.4322148836373472,0.27961015493803304,0.27948597586069607
0.4450336331845146,0.27948597586069607,0.2832677270408866
0.40648021632156367,0.2832677270408866,0.28210978492095085
0.46416701880384714,0.28210978492095085,0.2862250951572345
0.39378837420630897,0.2862250951572345,0.2849756450375235
0.44498562155104704,0.2849756450375235,0.39023710412311446
0.7210460363397366,0.39023710412311446,0.40799130722823485
0.34478859566788345,0.40799130722823485,0.40827509726055344
0.47809964972041946,0.40827509726055344,0.40905159490132925
0.4315075311063804,0.40905159490132925,0.40337779658604883
0.33811774350280827,0.40337779658604883,0.37413507773030236
0.425756924753039,0.37413507773030236,0.37522148291176954
0.3958676775258093,0.37522148291176954,0.3650184956016167
0.455646171980269,0.3650184956016167,0.3464716310335207
0.43169324862374514,0.3464716310335207,0.3369516768562201
0.3167485943203449,0.3369516768562201,0.33620399477575735
0.44424870632764335,0.33620399477575735,0.3366884012258481
0.4502076569716505,0.3366884012258481,0.3337449584328532
0.425756924753039,0.3337449584328532,0.33368075332259634
0.4318334217412847,0.33368075332259634,0.33135930910607125
0.425756924753039,0.33135930910607125,0.33355157135709507
0.39522969554618187,0.33355157135709507,0.33521149232425956
0.3948629733938987,0.33521149232425956,0.33438857425941837
0.425756924753039,0.33438857425941837,0.3549796929061018
0.5530900865572639,0.3549796929061018,0.3572301073776843
0.3779890511556899,0.3572301073776843,0.3570381866164838
0.43177656566545747,0.3570381866164838,0.2681892352127086
0.6057088071825243,0.2681892352127086,0.30878636751940247
0.6096511892214427,0.30878636751940247,0.3123710500024975
0.5003542144819207,0.3123710500024975,0.31222224563618955
0.4384027254626795,0.31222224563618955,0.29321373826156116
0.43834108275303146,0.29321373826156116,0.2943832182292407
0.4131727667530468,0.2943832182292407,0.30285162250903397
0.35930926314511225,0.30285162250903397,0.3425686041395228
0.28201248571870907,0.3425686041395228,0.3508309624113806
0.5119045579581598,0.3508309624113806,0.34244943537202205
0.549801392190175,0.34244943537202205,0.4049019613043296
0.6664394211301485,0.4049019613043296,0.4218323535555069
0.3440537997144929,0.4218323535555069,0.42086304692749876
0.472761432607877,0.42086304692749876,0.4224465459831972
0.4140862690299467,0.4224465459831972,0.4267938511678765
0.39042307262129294,0.4267938511678765,0.4351521349710126
0.3536001816747818,0.4351521349710126,0.4382208814413101
0.3765032641609637,0.4382208814413101,0.4372744240467423
0.45050149299001796,0.4372744240467423,0.42470223022547765
0.46243367620977205,0.42470223022547765,0.42493148945210235
0.3767378224210535,0.42493148945210235,0.43646714714933577
0.35043168987237616,0.43646714714933577,0.41016675684382764
0.3586427142746496,0.41016675684382764,0.38126697809027393
0.318960680870191,0.38126697809027393,0.39650582048686894
0.5533906934609697,0.39650582048686894,0.39641749761603884
0.43611285507099107,0.39641749761603884,0.39976577917187567
0.3682768745184342,0.39976577917187567,0.4002491248933658
0.39919925552534097,0.4002491248933658,0.3953265853174246
0.4150565131471632,0.3953265853174246,0.3680955156601383
0.45772539357014125,0.3680955156601383,0.3578751744738862
0.43104653676951044,0.3578751744738862,0.3355806447019448
0.4572686897351803,0.3355806447019448,0.23029842815787097
0.3408528864430673,0.23029842815787097,0.22375375576179193
0.4418911172472954,0.22375375576179193,0.2161265828496148
0.3825053567953345,0.2161265828496148,0.23792549089030943
0.30292364672556127,0.23792549089030943,0.25230999655928704
0.31474059729430093,0.25230999655928704,0.2600281347189607
0.4789410386607702,0.2600281347189607,0.260495302995565
0.4374276717290229,0.260495302995565,0.2585724188436467
0.4373752075968387,0.2585724188436467,0.25294008291845926
0.425756924753039,0.25294008291845926,0.2526746541846265
0.4315463429454107,0.2526746541846265,0.34011521997141614
0.6472634980084934,0.34011521997141614,0.34650273164257916
0.5169763331577274,0.34650273164257916,0.32805698410966216
0.4077699647187343,0.32805698410966216,0.30311873962268804
0.41542178929754586,0.30311873962268804,0.30293663961211437
0.425756924753039,0.30293663961211437,0.2970567660496412
0.425756924753039,0.2970567660496412,0.3402072011202621
0.26001730791030814,0.3402072011202621,0.3407416141390027
0.44227096067536403,0.3407416141390027,0.34256828037247095
0.37029281237444517,0.34256828037247095,0.34438091775829827
0.3805088088531865,0.34438091775829827,0.3434401615438856
0.37969895760265615,0.3434401615438856,0.35696702281122855
0.5393923905736874,0.35696702281122855,0.3589813578322499
0.46437279624729594,0.3589813578322499,0.356478487874039
0.43122662930842404,0.356478487874039,0.3335702985252311
0.4583321920914164,0.3335702985252311,0.3102023410878084
0.425756924753039,0.3102023410878084,0.3163910147499334
0.36018853424225633,0.3163910147499334,0.3223823629176486
0.3698104786901487,0.3223823629176486,0.36017692014876157
0.5900739155523891,0.36017692014876157,0.3603841635163955
0.42044547762412265,0.3603841635163955,0.3671050228002133
0.3665949718360887,0.3671050228002133,0.2911695874826978
0.43119197473423854,0.2911695874826978,0.27513454745202454
0.39846700681219094,0.27513454745202454,0.2798750012142208
0.3646801704224972,0.2798750012142208,0.28508410888067365
0.4703196431612555,0.28508410888067365,0.2872025118777925
0.3811942063448223,0.2872025118777925,0.3014970160379145
0.5086885470432295,0.3014970160379145,0.2807937144486614
0.5531276377137965,0.2807937144486614,0.3155223951606758
0.5790272146212724,0.3155223951606758,0.394845949425203
0.6920110369198266,0.394845949425203,0.44391612789557167
0.24349137097241152,0.44391612789557167,0.4551276758009721
0.32954309308224294,0.4551276758009721,0.4443534016855567
0.45014985713931177,0.4443534016855567,0.4460211869760594
0.48574600872965934,0.4460211869760594,0.4462156691686617
0.425756924753039,0.4462156691686617,0.4463260869250325
0.46109077688478484,0.4463260869250325,0.6055212918065537
0.8452595486732504,0.6055212918065537,0.6394527245191022
0.2410255795876336,0.6394527245191022,0.6719685770030359
0.2412631615480164,0.6719685770030359,0.6844008236549426
0.2519322858608067,0.6844008236549426,0.6853854907746337
0.47489301395030464,0.6853854907746337,0.6856695240192603
0.3641888090002639,0.6856695240192603,0.6861089596769502
0.46287426759973915,0.6861089596769502,0.6863584756213056
0.3948631024543635,0.6863584756213056,0.6902583599514253
0.33722745055971076,0.6902583599514253,0.6894184378030296
0.44498559078905237,0.6894184378030296,0.6876366785322101
0.4065282587170258,0.6876366785322101,0.6985423482148589
0.29375771226172437,0.6985423482148589,0.6877818538654435
0.4793716663956375,0.6877818538654435,0.6674103710806739
0.4389879282144362,0.6674103710806739,0.6053845844396348
0.3110639311841092,0.6053845844396348,0.5816654374631927
0.4049754581100401,0.5816654374631927,0.5758249524154018
0.3977846460740225,0.5758249524154018,0.5743176050322059
0.41871608779993424,0.5743176050322059,0.5684791703298945
0.4186967713506245,0.5684791703298945,0.5681075726045314
0.4115782425986079,0.5681075726045314,0.5649580325756277
0.4114996899421692,0.5649580325756277,0.31800106141146617
0.44001415956390877,0.31800106141146617,0.2871507185401337
0.44699576030988475,0.2871507185401337,0.24127283222011883
0.4116171952183733,0.24127283222011883,0.189112547543453
0.425756924753039,0.189112547543453,0.19408666241483902
0.4887827108001583,0.19408666241483902,0.18861003485077577
0.4118839838727065,0.18861003485077577,0.18264797774049668
0.39074380912091783,0.18264797774049668,0.1821286029254568
0.4116171952183733,0.1821286029254568,0.16784976739785992
0.425756924753039,0.16784976739785992,0.16519826608996513
0.4044005839199893,0.16519826608996513,0.1652817959707954
0.4042216461058161,0.1652817959707954,0.1226085500918527
0.44729220340026177,0.1226085500918527,0.10982931681367883
0.43289541560241046,0.10982931681367883,0.10792724561846367
0.41861843390366754,0.10792724561846367,0.055403026007456994
0.425756924753039,0.055403026007456994,0.05713051821806341
0.4471132655860887,0.05713051821806341,0.13688953840122356
0.5704855825699539,0.13688953840122356,0.1412285791789666
0.3920287315847484,0.1412285791789666,0.14708148229056872
0.3846907719142006,0.14708148229056872,0.1555392621082521
0.487112993220293,0.1555392621082521,0.15996385410607147
0.4790938498547148,0.15996385410607147,0.1808956582367883
0.3453310726676455,0.1808956582367883,0.19092653615188526
0.3637436999234138,0.19092653615188526,0.19185662529470435
0.453503008099128,0.19185662529470435,0.1932155013810378
0.4049754581100401,0.1932155013810378,0.1839182676506425
0.41180879141405147,0.1839182676506425,0.18349532558894685
0.425756924753039,0.18349532558894685,0.18652517836814617
0.37633436294156136,0.18652517836814617,0.19054652603869207
0.46817696713884416,0.19054652603869207,0.19054652603869207
0.425756924753039,0.19054652603869207,0.19052020789834695
0.40463430848316345,0.19052020789834695,0.1894662020840355
0.4398579151085582,0.1894662020840355,0.18857715042843537
0.425756924753039,0.18857715042843537,0.1897658323084943
0.4045763582652685,0.1897658323084943,0.1897642966062855
0.418657818730859,0.1897642966062855,0.1897642966062855
0.425756924753039,0.1897642966062855,0.18874851534928286
0.4186381807915405,0.18874851534928286,0.14726173598859274
0.3313751296593055,0.14726173598859274,0.1703651070920006
0.32008828726163185,0.1703651070920006,0.18011691256929613
0.47913356937023394,0.18011691256929613,0.16764212060339076
0.44080623391302093,0.16764212060339076,0.15495749588648758
0.3955697805680335,0.15495749588648758,0.14228027157975798
0.41052951621038875,0.14228027157975798,0.1382422786181611
0.4485643815863031,0.1382422786181611,0.13708207283500495
0.44836402064743036,0.13708207283500495,0.13700073552734648
0.425756924753039,0.13700073552734648,0.13992753847039335
0.4481671493710651,0.13992753847039335,0.14392705563916064
0.45533684270578384,0.14392705563916064,0.14267663439077805
0.3812585619460807,0.14267663439077805,0.1375284230624433
0.38807800080422084,0.1375284230624433,0.13769913900761022
0.4028818893751313,0.13769913900761022,0.1397651657625598
0.3871741250020396,0.1397651657625598,0.1396372461150556
0.38658684521494285,0.1396372461150556,0.14221396084408985
0.3779519981439117,0.14221396084408985,0.1512842295396548
0.46565577895608795,0.1512842295396548,0.1512542350570121
0.41782648844665443,0.1512542350570121,0.15474088040039563
0.4494752912145199,0.15474088040039563,0.15498986967634845
0.4020385582915581,0.15498986967634845,0.14086910037645684
0.46516695289541604,0.14086910037645684,0.11278431564822677
0.37839194577670276,0.11278431564822677,0.09976847040456152
0.4097728699699485,0.09976847040456152,0.09791429394108567
0.425756924753039,0.09791429394108567,0.09670863460990961
0.43376136214613914,0.09670863460990961,0.09676998057909325
0.40972307508032385,0.09676998057909325,0.11343106533520336
0.3440540450087641,0.11343106533520336,0.12252586038066221
0.349938606136122,0.12252586038066221,0.15036572557838007
0.31214105895692,0.15036572557838007,0.1827916000583742
0.5222168278137237,0.1827916000583742,0.19901254586930922
0.5020746783306295,0.19901254586930922,0.19807668991243665
0.4340986648204409,0.19807668991243665,0.19687405379315084
0.425756924753039,0.19687405379315084,0.19654915998769545
0.41741518468563704,0.19654915998769545,0.1959338080375581
0.392116909002683,0.1959338080375581,0.2718916643653479
0.6134431323805759,0.2718916643653479,0.26793987421746845
0.4099689945979425,0.26793987421746845,0.27809505510904187
0.5114158764482127,0.27809505510904187,0.30587675417276977
0.5600530221027291,0.30587675417276977,0.3130479442492489
0.5045050652925697,0.3130479442492489,0.3127529658611348
0.4045180891961934,0.3127529658611348,0.3592796373963846
0.6174833361539345,0.3592796373963846,0.4037896801703509
0.6469232787987624,0.4037896801703509,0.40594479186187254
0.3953018416384869,0.40594479186187254,0.4488346229468548
0.2678285748969182,0.4488346229468548,0.4662920215458078
0.32612825857399297,0.4662920215458078,0.4653656872356318
0.4727305672126651,0.4653656872356318,0.4518068835011229
0.4456290273974091,0.4518068835011229,0.4454837821062124
0.37914791015289884,0.4454837821062124,0.4272820388131093
0.3782879369414955,0.4272820388131093,0.47346581206278565
0.667294348197345,0.47346581206278565,0.47281778126297264
0.4934016064646292,0.47281778126297264,0.507579872687908
0.28223182206921255,0.507579872687908,0.506449878566775
0.4639768029619829,0.506449878566775,0.5047378511228243
0.4446560879913624,0.5047378511228243,0.5027696802997204
0.4068577615147156,0.5027696802997204,0.4815553147900174
0.38111151387102776,0.4815553147900174,0.4813005018511968
0.41285752682044113,0.4813005018511968,0.48508788264983554
0.3602718518369209,0.48508788264983554,0.4699422544549959
0.4057821954813177,0.4699422544549959,0.4693060484315496
0.3648846550744737,0.4693060484315496,0.46971023408078555
0.39823340783312666,0.46971023408078555,0.4248629939462446
0.4118839838727065,0.4248629939462446,0.3517767313916646
0.43962986563337136,0.3517767313916646,0.36134730846154384
0.4940215189829593,0.36134730846154384,0.3376832546953602
0.50535351141254,0.3376832546953602,0.3227898270300771
0.39949726319521395,0.3227898270300771,0.32262387516209684
0.4715369668937698,0.32262387516209684,0.3279503913155053
0.48977576088163827,0.3279503913155053,0.32617038616174765
0.47584949407184063,0.32617038616174765,0.32114095613445326
0.4565767480960789,0.32114095613445326,0.6178205179155868
1.0,0.6178205179155868,0.766626353462437
0.8949475491607488,0.766626353462437,0.7946973368275156
0.7693901066203102,0.7946973368275156,0.8081380482574336
0.35326107936521767,0.8081380482574336,0.9184078935923635
0.07159869323417445,0.9184078935923635,0.9170363723604155
0.425756924753039,0.9170363723604155,0.9288536469824343
0.3070457764566187,0.9288536469824343,0.9418171983358291
0.31286920016492836,0.9418171983358291,0.9480566940377757
0.625519277097576,0.9480566940377757,0.9458720794510089
0.43641274590662776,0.9458720794510089,0.9412263953387457
0.404400976185294,0.9412263953387457,0.9475579492882695
0.34958242441076876,0.9475579492882695,0.945852272011284
0.43677782755358713,0.945852272011284,0.961294944429598
0.31336259021026214,0.961294944429598,0.9650580244555704
0.39105832856566114,0.9650580244555704,0.9702084023271997
0.3668661416587481,0.9702084023271997,0.974918676228411
0.3532611547050617,0.974918676228411,0.9898025072509253
0.6260787528283982,0.9898025072509253,0.9896517467135546
0.4818251011659511,0.9896517467135546,0.9950073393752639
0.36968874834012677,0.9950073393752639,1.0
0.3684399101906601,1.0,0.8179951026744541
0.3071450919558979,0.8179951026744541,0.7587964522385287
0.010381189753981779,0.7587964522385287,0.6895980227324261
0.6286664680900175,0.6895980227324261,0.6891389684205225
0.38857573875658336,0.6891389684205225,0.6112116046179638
